season,yr,mnth,holiday,weekday,workingday,weathersit,temp,atemp,hum,windspeed,comfort_index,is_weekend,quarter,is_warm_season,is_bad_weather,temp_yr,day_of_year,cnt
1,0,1,0,1,1,2,-0.8167627304821936,-0.675006392545478,1.238593709505336,-0.4431071285253553,13.7079305,0,1,0,0,0.0,1,985
1,0,1,0,2,1,2,-0.7142035000712446,-0.7339089271232629,0.4952450555608065,0.7132410823439232,14.5545545,0,1,0,0,0.0,2,801
1,0,1,0,3,1,1,-1.6017330547755755,-1.7130399323129994,-1.2577941305780922,0.7102219992328938,7.8322875000000005,0,1,0,0,0.0,3,1349
1,0,1,0,4,1,1,-1.5824225394333244,-1.577688032858868,-0.22037348166649529,-0.4450760957716789,7.9047825,0,1,0,0,0.0,4,1562
1,0,1,0,5,1,1,-1.4392559932064095,-1.4755172192901993,-1.2599345108620794,-0.09586006496371144,9.0867585,0,1,0,0,0.0,5,1600
1,0,1,0,6,0,1,-1.5593306470493562,-1.4520479613798316,-0.7092336291870659,-1.3735202858134843,8.1191375,1,1,0,0,0.0,6,1606
1,0,1,0,0,0,2,-1.6008939289713742,-1.5972487268725104,-0.8417543262003941,-0.3344201365282883,7.808053999999999,1,1,0,0,0.0,7,1510
1,0,1,0,1,1,2,-1.768304837832331,-1.8748103871300583,-0.5902122293445813,0.9529956607046032,6.4970835,0,1,0,0,0.0,8,959
1,0,1,0,2,1,1,-1.90993121644394,-2.1493572099916567,-1.2788321722301954,2.2019247114960208,5.4545695,0,1,0,0,0.0,9,822
1,0,1,0,3,1,1,-1.8435446813014373,-1.9425310231821629,-0.9486310999378491,0.3815094806833098,5.9426945,0,1,0,0,0.0,10,1321
1,0,1,0,4,1,2,-1.7465778526108926,-1.7007720465456861,0.4293877216962219,-0.9460338690296579,6.589549000000001,0,1,0,0,0.0,11,1263
1,0,1,0,5,1,1,-1.7272673372686416,-1.8854218997826009,-0.15866821461863315,1.4494773150892726,6.7820345,0,1,0,0,0.0,12,1162
1,0,1,0,6,0,1,-1.768304837832331,-1.9425608140655222,-1.0332980415512711,1.4018676870731666,6.5297915,1,1,0,0,0.0,13,1406
1,0,1,0,0,0,1,-1.7902389490434136,-1.7189504435714622,-0.5767129321737372,-0.8880674732978887,6.326757,1,1,0,0,0.0,14,1421
1,0,1,0,1,1,2,-1.4053935493609218,-1.363253254439438,-0.841388565012624,-0.4757000996761666,9.317278,0,1,0,0,0.0,15,1248
1,0,1,0,2,1,1,-1.4142415467647145,-1.4460421192946193,-0.9429888949487306,-0.07573721970628323,9.256472,0,1,0,0,0.0,16,1204
1,0,1,1,3,0,2,-1.7107716110164326,-1.788315536384994,-0.5789210460110155,-0.002439132349807325,6.940403,0,1,0,0,0.0,17,1000
1,0,1,0,4,1,2,-1.4939053889357174,-1.4572673241443612,1.6167772309488417,-0.622558803355295,8.4525135,0,1,0,0,0.0,18,683
1,0,1,0,5,1,2,-1.0928935402153235,-1.0634973860792956,0.8044622730436826,0.1852690784663833,11.6082645,0,1,0,0,0.0,19,1650
1,0,1,0,6,0,2,-1.254913862422709,-1.3219154246902298,-0.5732788410218969,0.022330475608944526,10.459180499999999,1,1,0,0,0.0,20,1927
1,0,1,0,0,0,1,-1.7019183026898286,-1.9011514861962517,-1.1236139615091407,2.0876195996227773,7.0489584999999995,1,1,0,0,0.0,21,1543
1,0,1,0,1,1,1,-2.330570111506144,-2.370437738670854,-1.510257403758659,-0.2918379382144613,2.2243464,0,1,0,0,0.0,22,981
1,0,1,0,2,1,1,-2.1319878033882365,-2.2526475649569635,-1.2628809204302265,0.6877888990731128,3.7391286999999997,0,1,0,0,0.0,23,986
1,0,1,0,3,1,1,-2.1273694249114428,-2.138900609932582,-0.8888765592247599,-0.4708826931468279,3.7471738,0,1,0,0,0.0,24,1416
1,0,1,0,4,1,2,-1.4577326936672708,-1.4442010427030216,-0.040730551628800724,-0.8454327691908268,8.8541195,0,1,0,0,0.0,25,1985
1,0,1,0,5,1,3,-1.489481390233821,-1.628463614456267,1.6224194359379598,1.308013581665071,8.48625,0,1,0,1,0.0,26,506
1,0,1,0,6,0,1,-1.6089771534903252,-1.5325369700396838,0.4370822533500501,-1.054917757751357,7.65125,1,1,0,0,0.0,27,431
1,0,1,0,0,0,2,-1.5639511498952745,-1.5109862450176477,1.1519624948464828,-0.9307021774049506,7.9460765,1,1,0,0,0.0,28,1167
1,0,1,0,1,1,1,-1.6008939289713742,-1.5776642001521808,0.19486029342704322,-0.6410670954707378,7.7315325,0,1,0,0,0.0,29,1098
1,0,1,0,2,1,1,-1.4946754727433704,-1.3500856839946773,0.6719415760303539,-1.5780644792305734,8.516315,0,1,0,0,0.0,30,1096
1,0,1,0,3,1,2,-1.6842169969594318,-1.7318379797126466,-0.13018625545987816,-0.09202714205753451,7.112278,0,1,0,0,0.0,31,1501
1,0,2,0,4,1,2,-1.6239858213553422,-1.4441772099963344,1.3993389781749157,-1.850695560025535,7.464351499999999,0,1,0,0,0.0,32,1360
1,0,2,0,5,1,2,-1.263767170749313,-1.3256869505235027,1.0325753338162291,0.9202320457257768,10.2722915,0,1,0,0,0.0,33,1526
1,0,2,0,6,0,1,-1.6516929056624168,-1.78171983480927,-1.2540484650811143,1.0967040167896136,7.446324000000001,1,1,0,0,0.0,34,1550
1,0,2,0,0,0,2,-1.5223878679732568,-1.4795866539570643,-0.25571684977360215,-0.8711212285311963,8.3708555,1,1,0,0,0.0,35,1708
1,0,2,0,1,1,2,-1.4053935493609218,-1.3933658793389043,2.073978715661321,-0.4347980867458691,9.1020695,0,1,0,0,0.0,36,1005
1,0,2,0,2,1,1,-1.1265701017624121,-1.10372103679087,-0.37007818114968377,-0.6878628836916971,11.4349865,0,1,0,0,0.0,37,1623
1,0,2,0,3,1,1,-1.2018046343087072,-1.0323003730255547,0.7813922247928566,-1.9531435511414177,10.7691805,0,1,0,0,0.0,38,1712
1,0,2,0,4,1,1,-1.4717800845034243,-1.6603636923572846,-0.5760965568387918,2.2019247114960208,8.7851945,0,1,0,0,0.0,39,1530
1,0,2,0,5,1,2,-1.9287849924244105,-1.9818847800996493,-0.8682584656030599,-0.07040788169290066,5.2787115,0,1,0,0,0.0,40,1605
1,0,2,0,6,0,1,-1.8779860157333674,-1.950514979922425,-1.2569948746492614,0.36402505153595577,5.6995725,1,1,0,0,0.0,41,1538
1,0,2,0,0,0,1,-1.6403593963828889,-1.5694240418150296,-0.7898162375370562,-1.1243172899601124,7.499549,1,1,0,0,0.0,42,1746
1,0,2,0,1,1,1,-1.46292677617682,-1.4535672964311501,-0.5337630860320807,0.12029315933770197,8.8504165,0,1,0,0,0.0,43,1472
1,0,2,0,2,1,1,-0.9635831916033517,-0.9104258692031196,-1.121527768067786,0.8752739602680534,12.748706499999999,0,1,0,0,0.0,44,1589
1,0,2,0,3,1,1,-0.440574134982284,-0.4681087076159221,-1.6739490819963845,2.936454505961223,16.8270835,0,1,0,0,0.0,45,1913
1,0,2,0,4,1,1,-1.2314395835963203,-1.3265389697875756,-2.0904088344044855,1.2755124956524218,10.752393,0,1,0,0,0.0,46,1815
1,0,2,0,5,1,1,-0.9543474968343268,-0.9575729212073691,-1.3512325673426648,0.7559282922442209,12.836962,0,1,0,0,0.0,47,2115
1,0,2,0,6,0,1,-0.3299316800523838,-0.2875282890458725,-0.7990550942059129,0.47125500777074336,17.616653,1,1,0,0,0.0,48,2475
1,0,2,0,0,0,1,0.1259260685413397,0.2089367821349838,-0.7200303575816094,0.9283310643323216,21.1300135,1,1,0,0,0.0,49,2927
1,0,2,0,1,1,1,-0.5246619758551834,-0.5094942027785051,-2.946770922014611,4.111993584258003,16.2718885,0,1,0,0,0.0,50,1635
1,0,2,0,2,1,1,-1.1298416302142347,-1.189167248441691,-1.4572491249533273,0.38108943433742754,11.489984,0,1,0,0,0.0,51,1812
1,0,2,1,3,0,2,-1.0336289525629088,-1.1489793467901477,-0.12171956129853594,1.4917313521953792,12.134153,0,1,0,0,0.0,52,1107
1,0,2,0,4,1,1,-1.676840125174397,-1.7331309040504355,-0.30610384006658214,0.019429530532694434,7.182213,0,1,0,0,0.0,53,1450
1,0,2,0,5,1,1,-1.4669683884362958,-1.3775230875684887,-1.3541789769108121,-1.313823824194612,8.8797775,0,1,0,0,0.0,54,1917
1,0,2,0,6,0,2,-1.0744221506772738,-1.118497314937027,0.5040775109099183,0.7389295416842931,11.7730365,1,1,0,0,0.0,55,1807
1,0,2,0,0,0,2,-0.7095829972253263,-0.753439830253546,0.6042080227396162,1.999633016608726,14.582181,1,1,0,0,0.0,56,1461
1,0,2,0,1,1,1,-1.1442714074928089,-1.1601985934632175,-0.5760965568387918,-0.10017866645731471,11.3135415,0,1,0,0,0.0,57,1969
1,0,2,0,2,1,1,-0.8204219562992482,-0.7495789317701954,0.3862820883819968,-0.9051318560993604,13.742598000000001,0,1,0,0,0.0,58,2402
1,0,2,0,3,1,2,-0.4816116355459733,-0.4575746512601135,1.7163252342202382,1.2533550509071256,16.260011,0,1,0,0,0.0,59,1446
1,0,3,0,4,1,1,-1.2283592483657082,-1.2693106828545768,-0.5958544343336999,0.29169832135433255,10.665847,0,1,0,0,0.0,60,1851
1,0,3,0,5,1,1,-0.8654479598942991,-0.9345088193106864,-1.174414126477194,1.4915607083673645,13.5102085,0,1,0,0,0.0,61,2134
1,0,3,0,6,0,1,-1.5912758477599285,-1.6491206129775273,-2.0634170134181264,0.41415495762735643,7.9724865,1,1,0,0,0.0,62,1685
1,0,3,0,0,0,2,-1.254913862422709,-1.3181677315636438,-0.08502829548094341,0.12001750392321658,10.4231385,1,1,0,0,0.0,63,1944
1,0,3,0,1,1,2,-0.604325818026186,-0.5847161832604532,1.1257089695909934,0.7569784081089267,15.3562635,0,1,0,0,0.0,64,2077
1,0,3,0,2,1,2,-0.6449278229193404,-0.6593542624285609,2.2033091623146555,1.956945806708429,14.963271500000001,0,1,0,0,0.0,65,605
1,0,3,0,3,1,1,-1.2545314759802881,-1.4207556174993412,-0.485421649048481,1.9315461292308536,10.455646999999999,0,1,0,0,0.0,66,1872
1,0,3,0,4,1,1,-1.091162179378807,-1.0397957592787261,-1.3691480921880648,-0.9654872654233356,11.782083499999999,0,1,0,0,0.0,67,2133
1,0,3,0,5,1,2,-1.0734608736484101,-1.1338872852803834,1.0325753338162291,0.3405943413047039,11.7414445,0,1,0,0,0.0,68,1891
1,0,3,0,6,0,3,-0.5781748341028515,-0.5436703041681648,-4.219599535388167,0.8883216498870248,15.952731,1,1,0,1,0.0,69,623
1,0,3,0,0,0,2,-0.9635831916033517,-1.0243044999319488,0.180135018941637,0.5088754086238344,12.6526195,1,1,0,0,0.0,70,1977
1,0,3,0,1,1,1,-0.8964265726531964,-0.9006723339913213,-0.19227760376149733,0.3487983714977194,13.1985555,0,1,0,0,0.0,71,2132
1,0,3,0,2,1,1,-0.6033645409973227,-0.5768990554670025,-0.6473928950326221,1.0028761642781363,15.494572499999999,0,1,0,0,0.0,72,2417
1,0,3,0,3,1,1,-0.9174047177582271,-0.8634337297923372,-0.8535331911176531,-0.7518411927489079,13.085418500000001,0,1,0,0,0.0,73,2046
1,0,3,0,4,1,2,-0.9589679996802449,-0.9457876477504749,0.22136443282970897,-0.12987069253187558,12.685205,0,1,0,0,0.0,74,2056
1,0,3,0,5,1,2,-0.7049678053022197,-0.6553146186450551,1.040059891454855,0.11701154726049583,14.585636,0,1,0,0,0.0,75,2192
1,0,3,0,6,0,1,-0.440574134982284,-0.39671187655729406,-0.13582846044899669,0.20183465623211996,16.7135415,1,1,0,0,0.0,76,2744
1,0,3,0,0,0,1,0.22329121644273944,0.298464344806013,-0.6621181695180284,0.4832394550767001,21.8773915,1,1,0,0,0.0,77,3239
1,0,3,0,1,1,1,-0.13519607332677344,-0.06191001301340332,-1.6513667153292528,2.283531840631983,19.182916499999997,0,1,0,0,0.0,78,3117
1,0,3,0,2,1,1,-0.8787252669227995,-0.9006723339913213,-1.0107224482394683,0.17744571527432382,13.395625,0,1,0,0,0.0,79,2471
2,0,3,0,3,1,2,-0.3586000413883221,-0.4002748662070526,0.7750117240728691,1.2415018680842573,17.2791395,0,1,1,0,0.0,80,2077
2,0,3,0,4,1,1,-0.29894775637067544,-0.21612549981057244,0.010923056110715784,0.41410245183412114,17.796055499999998,0,1,1,0,0.0,81,2703
2,0,3,0,5,1,2,-0.801945255838387,-0.8280481185382947,1.4670725314656534,0.5258216533905268,13.8054545,0,1,1,0,0.0,82,2121
2,0,3,0,6,0,2,-1.1309941004643083,-1.2278775222786191,1.238593709505336,0.6508641999803895,11.2820835,1,1,1,0,0.0,83,1865
2,0,3,0,0,0,1,-1.2416365553942086,-1.3143962057303709,-0.8667886474966506,0.4794065321705232,10.583347,1,1,1,0,0.0,84,2210
2,0,3,0,1,1,1,-1.2327885579904159,-1.3068948613005273,-1.5497663853931463,0.20172964464564933,10.7020695,0,1,1,0,0.0,85,2496
2,0,3,0,2,1,2,-1.3007152607482242,-1.349984394991256,-0.8741512847393538,-0.129988830566655,10.1278065,0,1,1,0,0.0,86,1693
2,0,3,0,3,1,1,-1.2406752783653452,-1.306876986770512,-2.1728676621806295,0.23629158304278425,10.687180999999999,0,1,1,0,0.0,87,2028
2,0,3,0,4,1,1,-1.0380529512648051,-1.0963507722478072,-2.091634811719048,0.4304580064269165,12.2454165,0,1,1,0,0.0,88,2425
2,0,3,0,5,1,2,-1.0513302582933055,-1.0698845514715054,0.16050583519798123,-0.2797878586669605,11.9766665,0,1,1,0,0.0,89,1536
2,0,3,0,6,0,3,-1.2195112509619155,-1.30687102859384,2.0005961840261355,0.3077257147394072,10.542486499999999,1,1,1,1,0.0,90,1685
2,0,4,0,0,0,2,-1.0513302582933055,-1.1526793745033586,0.42861555918870786,0.8467239351963596,11.956875,1,2,1,0,0.0,91,2227
2,0,4,0,1,1,2,-0.9716664161223029,-0.9609273746736137,0.20848151099381035,0.03863352440850456,12.588125,0,2,1,0,0.0,92,2252
2,0,4,0,2,1,1,-0.6353097417078947,-0.5847876813805151,-0.9683889774327572,-0.1573837281871719,15.271653,0,2,1,0,0.0,93,3249
2,0,4,0,3,1,1,0.40032020651514183,0.3933185174216657,-1.3324568263704724,2.511984546998765,23.293528,0,2,1,0,0.0,94,3115
2,0,4,0,4,1,2,-0.44499813368418034,-0.4681087076159221,0.12945677436950628,2.544748161977591,16.6598055,0,2,1,0,0.0,95,1795
2,0,4,0,5,1,1,-0.5689232065653926,-0.5321114414247999,-1.0304803257343764,0.9038896175812905,15.788736499999999,0,2,1,0,0.0,96,2808
2,0,4,0,6,0,1,-0.32107837172577985,-0.2575109949731555,-0.13582846044899669,-0.4186131759810885,17.6360415,1,2,1,0,0.0,97,3141
2,0,4,0,0,0,2,-0.8610239611924028,-0.908245176541227,1.4446188585497735,0.43040550063368116,13.351028,1,2,1,0,0.0,98,1471
2,0,4,0,1,1,2,-0.8256160388087976,-0.8066582642863981,1.7240197658740664,-0.8022861335997206,13.60375,0,2,1,0,0.0,99,2455
2,0,4,0,2,1,2,-0.3786115985416781,-0.29897394643247244,1.588552659292591,-0.6226638149417657,17.064597,0,2,1,0,0.0,100,2895
2,0,4,0,3,1,2,0.5188546927427824,0.526114359083579,0.636598207923247,1.7099979346745129,24.063253999999997,0,2,1,0,0.0,101,3348
2,0,4,0,4,1,2,0.02413161101523224,0.0961544559137723,0.787041203137305,1.0589917307983614,20.232916499999998,0,2,1,0,0.0,102,2034
2,0,4,0,5,1,2,-0.4538514420107843,-0.35530254868802374,1.3289096294632066,0.7405178419296607,16.5029165,0,2,1,0,0.0,103,2162
2,0,4,0,6,0,1,-0.16175068738377416,-0.0844497953629646,-0.5591631685161074,-1.0960954260961397,18.8972915,1,2,1,0,0.0,104,3267
2,0,4,1,0,0,1,-0.2723931423136743,-0.20855265726066713,0.32701522925260135,0.42230648202713666,17.977722,1,2,1,0,0.0,105,3126
2,0,4,0,1,1,3,-0.35648629410938504,-0.30639187638890997,1.7973955241539221,1.924405341350853,17.219986499999997,0,2,1,1,0.0,106,795
2,0,4,0,2,1,1,-0.2192839141996724,-0.18601287491110585,-0.9712134666049809,1.4346313020519923,18.4835555,0,2,1,0,0.0,107,3744
2,0,4,0,3,1,1,0.07724083912923413,0.1562843748859559,-0.5450542693656466,-0.40213948335351374,20.74125,0,2,1,0,0.0,108,3429
2,0,4,0,4,1,2,0.041832916745629396,0.07353721726747753,0.2903239634350083,-0.47559508808969597,20.406236500000002,0,2,1,0,0.0,109,3204
2,0,4,0,5,1,1,0.5153919710697497,0.5211988633293129,-0.05962821299691678,0.6264227532293576,24.0879165,0,2,1,0,0.0,110,3944
2,0,4,0,6,0,1,-0.20600660717117203,-0.13717965890872597,-1.4622817279628293,1.7202890701486317,18.6223055,1,2,1,0,0.0,111,4189
2,0,4,0,0,0,2,-0.8565946515676949,-0.9232895726376166,0.7221253656634612,0.3323378053184534,13.4385555,1,2,1,0,0.0,112,1683
2,0,4,0,1,1,2,-0.2015826084692757,-0.15964794313822536,1.7945778083370283,0.4794065321705232,18.4160415,0,2,1,0,0.0,113,4036
2,0,4,0,2,1,2,0.44458143722535104,0.4459530501406775,1.272460486150705,-0.02661805013466216,23.4429305,0,2,1,0,0.0,114,4191
2,0,4,0,3,1,1,0.5773545075103556,0.581424113128246,1.0410420279775714,-0.11642920946363941,24.485013499999997,0,2,1,0,0.0,115,4073
2,0,4,0,4,1,1,0.7101275777953605,0.6981030868928386,0.7193076498465673,1.7365921189481914,25.533763500000003,0,2,1,0,0.0,116,4400
2,0,4,0,5,1,2,0.6481650413547546,0.5852492625515656,1.4389766535606554,1.5488839081320012,25.002291500000002,0,2,1,0,0.0,117,3872
2,0,4,0,6,0,2,0.6348877343262538,0.6078128776078138,0.5273913999525903,1.6631890200052448,24.967083499999998,1,2,1,0,0.0,118,4058
2,0,4,0,0,0,1,0.06396353210073377,0.1224240568599036,-1.1236139615091407,0.6019813064783265,20.6814585,1,2,1,0,0.0,119,4595
2,0,4,0,1,1,1,-0.13519607332677344,-0.07682928739968468,-0.8103462775394789,0.53650658231391,19.1208335,0,2,1,0,0.0,120,5312
2,0,5,0,2,1,2,-0.24583852825667357,-0.17106976781813762,0.9422594138583587,-1.1531429704462912,18.1373055,0,2,1,0,0.0,121,3351
2,0,5,0,3,1,2,0.271976445854845,0.33316476574279436,0.7249498548356853,-0.1410938058359206,22.150847000000002,0,2,1,0,0.0,122,4401
2,0,5,0,4,1,2,0.6304637356243574,0.6265811341241021,0.5019913174685636,1.9488074087569576,24.9348055,0,2,1,0,0.0,123,4451
2,0,5,0,5,1,2,-0.44499813368418034,-0.43057219458334595,0.7729255306315145,1.7693557339270178,16.6123055,0,2,1,0,0.0,124,2633
2,0,5,0,6,0,1,-0.20600660717117203,-0.20852882455397984,-1.2110986189394577,1.3282545649572788,18.6037635,1,2,1,0,0.0,125,4433
2,0,5,0,0,0,1,-0.09978815094316824,-0.01667553572081336,-0.2233198912346425,0.44686606681294716,19.350846999999998,1,2,1,0,0.0,126,4608
2,0,5,0,1,1,1,0.11707276021473567,0.21273809885161568,-0.5535209635269888,-0.44305462273212,21.049375,0,2,1,0,0.0,127,4714
2,0,5,0,2,1,1,0.16132868000213355,0.2503461100042541,0.0589055052618742,-1.5694679682331243,21.3458195,0,2,1,0,0.0,128,4333
2,0,5,0,3,1,1,0.18345929535723793,0.28796007933356377,-0.2317865853959847,-0.23893835152989865,21.538125,0,2,1,0,0.0,129,4362
2,0,5,0,4,1,1,0.18345929535723793,0.2729156832371743,-0.9062976291311381,-1.030843851552973,21.5879165,0,2,1,0,0.0,130,4803
2,0,5,0,5,1,1,0.2365685234712398,0.3067521685565393,0.06737219942321641,-0.9655922770098063,21.9260415,0,2,1,0,0.0,131,4182
2,0,5,0,6,0,1,0.19673660238573829,0.27674083266049393,0.8434835730944763,-0.05953918249319385,21.561249999999998,1,2,1,0,0.0,132,4864
2,0,5,0,0,0,2,0.07724083912923413,0.10357834404688182,1.6280616409270778,-0.1900423315795273,20.5808335,1,2,1,0,0.0,133,4105
2,0,5,0,1,1,2,0.121496758916632,0.14128764420294104,2.028820755682386,-0.777779054607145,20.892903,0,2,1,0,0.0,134,3409
2,0,5,0,2,1,2,0.3427869796992436,0.3520343112625039,1.6534617234111046,-0.5411223180473477,22.6289585,0,2,1,0,0.0,135,4553
2,0,5,0,3,1,1,0.4224508218702462,0.43849937112420906,1.1172422754296512,-0.8838276304941386,23.2835415,0,2,1,0,0.0,136,3958
2,0,5,0,4,1,2,0.33836298099734724,0.36710254006558063,1.4559100418833397,1.0914796903627018,22.6093885,0,2,1,0,0.0,137,4123
2,0,5,0,5,1,2,0.27640044455674134,0.29935211313011706,1.6732196009060132,0.0956810687586561,22.115000000000002,0,2,1,0,0.0,138,3855
2,0,5,0,6,0,2,0.1746059870306339,0.20154268488523316,1.399460898570838,-1.1287409030401865,21.3493615,1,2,1,0,0.0,139,4575
2,0,5,0,0,0,1,0.20558991071234275,0.31057731797985894,0.6543918123727235,-0.9082165714519344,21.6435555,1,2,1,0,0.0,140,4917
2,0,5,0,1,1,1,0.5552238921552511,0.5663797170318562,0.02503872861650535,-0.9654872654233356,24.3891665,0,2,1,0,0.0,141,5805
2,0,5,0,2,1,1,0.5640772004818552,0.581424113128246,0.8575924722449366,-0.6063738925905144,24.3960555,0,2,1,0,0.0,142,4660
2,0,5,0,3,1,2,0.7101275777953605,0.6755394718365905,1.266818281161587,0.5203216715491294,25.493347,0,2,1,0,0.0,143,4274
2,0,5,0,4,1,2,0.8606019538107617,0.7620343225816546,0.7983256131155411,0.1691891792880733,26.689583499999998,0,2,1,0,0.0,144,4492
2,0,5,0,5,1,1,0.865025952512658,0.8259596000937989,0.4963491124794456,-0.5246617518680821,26.746028,0,2,1,0,0.0,145,4978
2,0,5,0,6,0,1,1.117294786054167,1.059198384089548,0.3693487000593124,0.07139713938733061,28.702903,1,2,1,0,0.0,146,4677
2,0,5,0,0,0,1,0.9756737183653695,0.9538578205314617,0.20848151099381035,0.6100671986365622,27.621471999999997,1,2,1,0,0.0,147,4679
2,0,5,0,1,1,1,0.8384713384556574,0.8071138872807772,0.7221253656634612,0.4710974903910374,26.5243615,0,2,1,0,0.0,148,4758
2,0,5,0,2,1,1,0.9004338748962633,0.8260072655071735,1.3260851402909823,0.2590528444102859,26.958125,0,2,1,0,0.0,149,4788
2,0,5,1,3,0,1,1.2500678563391716,1.1569363142143696,0.42014886502736565,-0.8266750745575163,29.724152999999998,0,2,1,0,0.0,150,4098
2,0,5,0,4,1,1,1.4713580771217833,1.4804116839050974,0.09277228190724306,-1.087838890109889,31.456666499999997,0,2,1,0,0.0,151,3982
2,0,6,0,5,1,2,1.413824850305885,1.4541003757222626,0.36652421088708825,0.1691891792880733,30.992305499999997,0,2,1,0,0.0,152,3974
2,0,6,0,6,0,1,1.1527027084377723,0.9951718175739824,-2.153726160020667,1.2874969429583782,29.1625,1,2,1,0,0.0,153,4968
2,0,6,0,0,0,1,0.6481650413547546,0.6566937590235683,-1.8207005985560971,0.7733864684949571,25.242916500000003,1,2,1,0,0.0,154,5312
2,0,6,0,1,1,1,0.7278288835257573,0.7017554491926752,-1.1292561664982592,-0.9327761562377449,25.806875,0,2,1,0,0.0,155,5342
2,0,6,0,2,1,2,0.7986394173701558,0.8334788190536576,0.20001481683246813,-0.7286598850355239,26.255402999999998,0,2,1,0,0.0,156,4906
2,0,6,0,3,1,1,0.9579671017121615,0.8635914439531241,-0.15558633794390478,-0.9491317108305403,27.511653,0,2,1,0,0.0,157,4548
2,0,6,0,4,1,1,1.1128707873522707,1.0667176030494068,-0.16969523709436554,-0.08394124989929874,28.7085415,0,2,1,0,0.0,158,4833
2,0,6,0,5,1,1,1.4757820758236795,1.491708386874901,-0.006010332211968641,-0.7532719756145698,31.498111499999997,0,2,1,0,0.0,159,4401
2,0,6,0,6,0,2,1.6483870671941856,1.672241140031576,-0.37007818114968377,-0.5817618020114685,32.8574865,1,2,1,0,0.0,160,3915
2,0,6,0,0,0,1,1.3651396208937794,1.3487896030475357,-0.12171956129853594,-0.7042184382844925,30.6525,1,2,1,0,0.0,161,4586
2,0,6,0,1,1,1,1.2058119365517743,1.1983218093769523,0.2141237159829284,-0.5165627332615372,29.3977085,0,2,1,0,0.0,162,4966
2,0,6,0,2,1,1,1.0332069451812678,0.9914956225674586,0.8463080622667004,-0.40213948335351374,28.018541499999998,0,2,1,0,0.0,163,4460
2,0,6,0,3,1,1,0.7278288835257573,0.74321244247532,-0.8696131366688743,1.4589677372165528,25.7877085,0,2,1,0,0.0,164,5020
2,0,6,0,4,1,1,0.5640772004818552,0.6829871926763873,-0.7849461950554522,0.9855361260621792,24.5173055,0,2,1,0,0.0,165,4891
2,0,6,0,5,1,1,0.6835729637383593,0.6603937867367794,-1.024831347389929,-0.34510506545167124,25.4575135,0,2,1,0,0.0,166,5180
2,0,6,0,6,0,2,0.692420961142152,0.7056282640293694,0.4427244583391681,0.16103765488829347,25.4174865,1,2,1,0,0.0,167,3767
2,0,6,0,0,0,1,0.8030687269948634,0.7356395999254147,0.7644588364701722,-0.6717304787201518,26.2479305,1,2,1,0,0.0,168,4844
2,0,6,0,1,1,1,1.0553375605363726,0.9952433156940443,0.3213730242634833,-0.9817903142228956,28.2281385,0,2,1,0,0.0,169,5119
2,0,6,0,2,1,2,1.068614867564873,1.0065161859571607,0.29597294177945666,-1.2102955263829132,28.3325135,0,2,1,0,0.0,170,4744
2,0,6,0,3,1,2,0.7278288835257573,0.7056282640293694,0.8350168789331341,-0.508358703068522,25.661875,0,2,1,0,0.0,171,4010
3,0,6,0,4,1,2,0.9712444087406619,0.957659137248094,0.9987085571708603,-0.3042424318663007,27.528944499999998,0,2,1,0,0.0,172,4835
3,0,6,0,5,1,1,1.2500678563391716,1.2924073772019382,0.5725493599315254,-0.2880050153082847,29.712902999999997,0,2,1,0,0.0,173,4507
3,0,6,0,6,0,2,1.2235132422821708,1.2924312099086255,0.5443247882752748,0.5854551080575164,29.5099865,1,2,1,0,0.0,174,4790
3,0,6,0,0,0,1,1.201387937849878,1.0704891288826797,-0.3362114045043149,0.3652064318837498,29.404180500000002,1,2,1,0,0.0,175,4991
3,0,6,0,1,1,1,1.0464842522097686,0.9914241244473967,-0.9458133841209543,0.20172964464564933,28.2533335,0,2,1,0,0.0,176,5202
3,0,6,0,2,1,1,0.9668204100387655,0.9575578482446728,-0.7426127242487411,-1.3083067779704132,27.623333499999998,0,2,1,0,0.0,177,5305
3,0,6,0,3,1,2,0.9800977170672663,0.9538339878247744,0.23952379846695504,-1.1369449332332018,27.653333500000002,0,2,1,0,0.0,178,4708
3,0,6,0,4,1,1,1.3076063940778813,1.284834534652032,0.07583889358455863,-0.6552699125408857,30.1937635,0,2,1,0,0.0,179,4648
3,0,6,0,5,1,1,1.2235132422821708,1.059198384089548,-0.8470307700017425,0.8875865687817308,29.6126945,0,2,1,0,0.0,180,5225
3,0,6,0,6,0,1,1.0553375605363726,0.9538578205314617,-1.2788321722301954,-0.1167048648781248,28.3462635,1,2,1,0,0.0,181,5515
3,0,7,0,0,0,1,1.1925346295232735,1.0441480298164865,-1.5356574862426855,-1.2023146458111478,29.424374999999998,1,3,1,0,0.0,182,5362
3,0,7,0,1,1,1,1.2766224703961728,1.1343905736881368,-1.2082809031225628,-1.0388378585730471,30.0493615,0,3,1,0,0.0,183,5119
3,0,7,0,2,1,2,1.1615560167643764,1.1419395835313548,0.4032154767046812,0.454899453177948,29.042097000000002,0,3,1,0,0.0,184,4649
3,0,7,1,3,0,2,1.2146652448783783,1.1231236616016922,0.10123897606858527,-1.4796607468386394,29.4743885,0,3,1,0,0.0,185,6043
3,0,7,0,4,1,1,1.320883701106382,1.3073564424715776,-0.22049540206241883,-0.8918741433074477,30.3181385,0,3,1,0,0.0,186,4665
3,0,7,0,5,1,1,1.179257322494773,1.2435741611995579,0.8152590014382255,-0.5817618020114685,29.1483335,0,3,1,0,0.0,187,4629
3,0,7,0,6,0,1,1.3385850068367788,1.2509503839192928,0.19154812267112592,-0.45946268311815064,30.424375,1,3,1,0,0.0,188,4592
3,0,7,0,0,0,2,1.1217240956788748,1.1533077846212203,0.9140416155574381,0.4059509274343413,28.6968885,1,3,1,0,0.0,189,4040
3,0,7,0,1,1,1,1.2500678563391716,1.115622317171849,-0.09349498964228563,-0.34510506545167124,29.7620695,0,3,1,0,0.0,190,5336
3,0,7,0,2,1,1,1.3253076998082784,1.269742473142268,-0.30234462785894606,-0.14087065621467054,30.3583335,0,3,1,0,0.0,191,4881
3,0,7,0,3,1,1,1.404971541979281,1.5067527829712906,0.0871233035627957,1.156888782285574,30.9445835,0,3,1,0,0.0,192,4086
3,0,7,0,4,1,1,1.5731525346478912,1.5631826742302626,-0.43216275609597415,0.0794305257523314,32.2812635,0,3,1,0,0.0,193,4258
3,0,7,0,5,1,1,1.320883701106382,1.2660424454290569,0.0589055052618742,-0.6309859831695607,30.2975135,0,3,1,0,0.0,194,4342
3,0,7,0,6,0,1,0.9712444087406619,0.942513452148283,-0.9937890599167838,0.6099096812568566,27.676028,1,3,1,0,0.0,195,5084
3,0,7,0,0,0,1,0.8783032595411588,0.8785643419294518,-0.21485319707330028,-0.1492453302357008,26.901028,1,3,1,0,0.0,196,5538
3,0,7,0,1,1,1,1.0022283324223706,0.9613353322546179,-0.2571866678800113,0.18559723967410402,27.860847,0,3,1,0,0.0,197,5923
3,0,7,0,2,1,1,1.1748333237928767,1.149434969784526,-0.12736176628765447,0.6672197545731848,29.1837635,0,3,1,0,0.0,198,5302
3,0,7,0,3,1,1,1.320883701106382,1.3525611288808086,0.19154812267112592,0.2835467969545527,30.287722000000002,0,3,1,0,0.0,199,4458
3,0,7,0,4,1,1,1.4802113854483878,1.6120635556460174,0.18590591768200787,-0.8348791047505318,31.518138500000003,0,3,1,0,0.0,200,4541
3,0,7,0,5,1,1,1.4359501547381786,1.6083158625194316,0.5697248707593013,-1.0551802867175337,31.148111500000002,0,3,1,0,0.0,201,4332
3,0,7,0,6,0,2,1.6837949895777908,2.082116029640618,0.4624823358340767,0.36515392609051445,33.069375,1,3,1,0,0.0,202,3784
3,0,7,0,0,0,1,1.8608239796501933,2.1686585457990573,-0.2882289553531565,-0.8020629839784705,34.4914445,1,3,1,0,0.0,203,3387
3,0,7,0,1,1,1,1.865253289274901,1.95053565601976,-0.8329218708512818,-0.8267275803507517,34.565847,0,3,1,0,0.0,204,3285
3,0,7,0,2,1,1,1.7634588317487938,1.894183221057521,-0.48861189940847477,-0.32857886703086114,33.7545835,0,3,1,0,0.0,205,3606
3,0,7,0,3,1,1,1.3031770844531736,1.454046752132216,0.9083926372129898,-1.3572027979207844,30.098111499999998,0,3,1,0,0.0,206,3840
3,0,7,0,4,1,1,1.4536567713913866,1.311175633718226,-0.5563454526992124,0.07948303154556673,31.3679305,0,3,1,0,0.0,207,4590
3,0,7,0,5,1,1,1.4713580771217833,1.2735676225655876,-1.4904995262637508,-0.1409756678011412,31.573541499999997,0,3,1,0,0.0,208,4656
3,0,7,0,6,0,1,1.493488692476888,1.566906534650161,-0.26847785121357726,-0.20639788617232266,31.6541805,1,3,1,0,0.0,209,4390
3,0,7,0,0,0,1,1.8077147515361918,1.8413818593916973,-0.5450542693656466,-0.2633797982809298,34.100403,1,3,1,0,0.0,210,3846
3,0,7,0,1,1,1,1.6262617627618925,1.4992037731280725,-1.0643471023797453,-0.3369010352586561,32.7379305,0,3,1,0,0.0,211,4475
3,0,7,0,2,1,1,1.6351097601656852,1.5067051175579158,-0.9627467724436387,-0.3857839287607184,32.7987365,0,3,1,0,0.0,212,4302
3,0,8,0,3,1,1,1.4536567713913866,1.3487896030475357,-0.48861189940847477,-0.492055654268962,31.3629305,0,3,1,0,0.0,213,4266
3,0,8,0,4,1,1,1.515613996909181,1.3713055526904092,-0.8921887299806773,0.1528861304885133,31.871028,0,3,1,0,0.0,214,4845
3,0,8,0,5,1,2,1.241219858935379,1.209636386876772,0.233881593477837,-0.7694700128276591,29.669597,0,3,1,0,0.0,215,3574
3,0,8,0,6,0,2,1.1261480943807711,1.1193759684751066,0.911217126385214,0.038686030201739885,28.73125,1,3,1,0,0.0,216,4576
3,0,8,0,0,0,1,1.1305720930826675,1.0703937980559304,0.05325652691742685,-0.12479075703636057,28.828736499999998,1,3,1,0,0.0,217,4866
3,0,8,0,1,1,2,1.1615560167643764,1.1870966045272104,0.8942837380625296,0.4469185726061825,29.005847,0,3,1,0,0.0,218,4294
3,0,8,0,2,1,1,1.2987530857512772,1.4202877231095852,0.8801748389120693,0.09561543651711203,30.066041499999997,0,3,1,0,0.0,219,3785
3,0,8,0,3,1,1,1.4182488490077814,1.348735979457489,-0.20921099208418176,-0.02661805013466216,31.068958499999997,0,3,1,0,0.0,220,4326
3,0,8,0,4,1,1,1.4713580771217833,1.4728924649452377,-0.3559625086438942,-0.5655112590051439,31.4897915,0,3,1,0,0.0,221,4602
3,0,8,0,5,1,1,1.4271021573343858,1.2397013463628637,-1.3465657255209331,0.07948303154556673,31.221263500000003,0,3,1,0,0.0,222,4780
3,0,8,0,6,0,1,1.1659800154662727,1.0403288385698388,-1.3493902146931567,-0.3860070783819684,29.205625,1,3,1,0,0.0,223,4792
3,0,8,0,0,0,1,1.117294786054167,1.055349401959541,-1.4086570738225523,-0.900235690880169,28.834153,1,3,1,0,0.0,224,4905
3,0,8,0,1,1,2,0.997799022797663,1.0065876840772234,0.7221253656634612,0.22644674681116583,27.7543615,0,3,1,0,0.0,225,4150
3,0,8,0,2,1,2,0.9491191043083688,0.878665630932873,1.3176184461296403,0.37318731245551523,27.334597,0,3,1,0,0.0,226,3820
3,0,8,0,3,1,1,0.8915805665696592,0.8296834605136972,0.6035916474046702,0.19363062603910444,26.9431115,0,3,1,0,0.0,227,4338
3,0,8,0,4,1,1,1.0774628649686657,1.0064625623671142,-0.30234462785894606,0.5529671484931757,28.4449865,0,3,1,0,0.0,228,4725
3,0,8,0,5,1,1,1.1969586282251699,1.1305952151481764,-0.32209573199852537,-0.6633558046991219,29.368944499999998,0,3,1,0,0.0,229,4694
3,0,8,0,6,0,1,1.1350014027073752,1.1043017814953577,0.2141237159829284,0.5119995033213345,28.851055499999998,1,3,1,0,0.0,230,3805
3,0,8,0,0,0,2,0.9933750240957667,0.9312942054752131,0.6769741790398562,-0.7205739928772878,27.7235415,1,3,1,0,0.0,231,4153
3,0,8,0,1,1,1,1.059761559238269,1.0252844424734495,0.34677310674750994,-1.177912578405043,28.2604165,0,3,1,0,0.0,232,5191
3,0,8,0,2,1,1,1.1305720930826675,1.1833489114006246,0.9958840679986362,0.7160632687303204,28.759152999999998,0,3,1,0,0.0,233,3873
3,0,8,0,3,1,1,1.0287829464793714,0.9612817086645712,-1.036122530723495,1.0835513155841716,28.123347,0,3,1,0,0.0,234,4758
3,0,8,0,4,1,1,0.7588074962846543,0.7695058761281387,-1.1348983714873777,-0.622716320735001,26.0464445,0,3,1,0,0.0,235,5895
3,0,8,0,5,1,1,0.9314124876551607,0.9162259766721363,-0.12171956129853594,0.7732158246669424,27.304153000000003,0,3,1,0,0.0,236,5130
3,0,8,0,6,0,2,0.9889510253938704,1.0065638513705362,1.0071752513322025,0.218295222411386,27.6650135,1,3,1,0,0.0,237,3542
3,0,8,0,0,0,1,1.0730388662667694,1.0892573853989675,0.9366172088692406,-1.4470638377533354,28.319375,1,3,1,0,0.0,238,4661
3,0,8,0,1,1,2,0.9668204100387655,0.9452065480039535,1.5377524943245378,2.3813238805327255,27.455,0,3,1,0,0.0,239,1115
3,0,8,0,2,1,1,1.1105286703924435,1.019105813264754,-0.41456557895104057,1.4498973614351554,28.7085365,0,3,1,0,0.0,240,4334
3,0,8,0,3,1,1,0.7366821918523613,0.7807727882145835,-0.4632118169244481,-0.4512586529251351,25.8260555,0,3,1,0,0.0,241,4634
3,0,8,0,4,1,1,0.7499594988808616,0.7018031146060497,-0.5055452877311591,-0.9082822036934785,25.9316805,0,3,1,0,0.0,242,5204
3,0,8,0,5,1,1,0.842900648080365,0.7996185010276052,-0.16969523709436554,-1.4553229990292478,26.6243885,0,3,1,0,0.0,243,5058
3,0,9,0,6,0,1,0.834047339753761,0.8222595723805878,0.10970567022992747,-0.6879153894849325,26.5354165,1,3,1,0,0.0,244,5115
3,0,9,0,0,0,2,0.7720848033131551,0.7620045316982956,0.7051919773407768,-0.712422468477508,26.0131115,1,3,1,0,0.0,245,4727
3,0,9,0,1,1,1,0.9092871832228673,0.9312465400618385,0.6346407082331451,-0.11653422105011008,27.0775135,0,3,1,0,0.0,246,4484
3,0,9,0,2,1,1,1.1217240956788748,1.1231951597217542,0.8067923072768833,0.16098514909505815,28.7048055,0,3,1,0,0.0,247,4940
3,0,9,1,3,0,2,0.9314124876551607,0.8861610171860443,1.1341756637523357,0.24274979561072588,27.211444500000002,0,3,1,0,0.0,248,3351
3,0,9,0,4,1,3,0.22329121644273944,0.22810423648828487,1.7880753872211173,1.9655567567990173,21.6965215,0,3,1,1,0.0,249,2710
3,0,9,0,5,1,3,0.5375225864248545,0.4010641470950541,1.992129489864793,-1.275654737802212,24.107305500000002,0,3,1,1,0.0,250,1996
3,0,9,0,6,0,3,0.7220559104297651,0.4673905698059486,2.1444080643730303,-0.019096595253705568,25.5206505,1,3,1,1,0.0,251,1842
3,0,9,0,0,0,2,0.8074927256967598,0.607914166611235,1.862311361627766,-0.9165387396797293,26.2010415,1,3,1,0,0.0,252,3544
3,0,9,0,1,1,1,0.8606019538107617,0.7807966209212708,0.8858170439011873,-0.5328657820610972,26.683125,0,3,1,0,0.0,253,5345
3,0,9,0,2,1,1,0.825194031427157,0.7883456307644888,0.6148828307382366,-1.0389428701595178,26.429778000000002,0,3,1,0,0.0,254,5046
3,0,9,0,3,1,1,0.7774753899667263,0.7460485345711149,0.46874091615814073,-1.3820813554004996,26.072181,0,3,1,0,0.0,255,4713
3,0,9,0,4,1,1,0.8119167243986561,0.7545329781518115,0.6064161365768943,-0.6878103778984618,26.327903,0,3,1,0,0.0,256,4763
3,0,9,0,5,1,1,0.9314124876551607,0.8936325707325284,0.5019913174685636,-0.353138451816672,27.258111500000002,0,3,1,0,0.0,257,4785
3,0,9,0,6,0,2,0.4224508218702462,0.4573212512305435,0.5838405432650918,1.0099906992615193,23.322916499999998,1,3,1,0,0.0,258,3659
3,0,9,0,0,0,2,-0.15289737905717013,-0.09199880520618263,-0.22049540206241883,-0.39405359119527794,18.9406385,1,3,1,0,0.0,259,4760
3,0,9,0,1,1,2,-0.033401615800665994,0.009510650751911987,0.6459251182113812,-0.0594341709067232,19.7991805,0,3,1,0,0.0,260,4511
3,0,9,0,2,1,1,0.050686225072233415,0.08115772523075744,0.48788241831810336,-0.2063453803790873,20.46,0,3,1,0,0.0,261,4274
3,0,9,0,3,1,2,0.271976445854845,0.31434884381313194,0.4540156416727345,-0.5573597346053637,22.170847000000002,0,3,1,0,0.0,262,4539
3,0,9,0,4,1,2,0.33836298099734724,0.3294945289129426,1.7494198483580932,-0.7777265488139097,22.587722,0,3,1,0,0.0,263,3641
3,0,9,0,5,1,2,0.5153919710697497,0.43862449283431754,1.8764202607782263,-1.2837485058294333,23.945,0,3,1,0,0.0,264,4352
3,0,9,0,6,0,2,0.692420961142152,0.46501921549055736,1.8905291599286864,-0.8673670643148725,25.3106115,1,3,1,0,0.0,265,4795
4,0,9,0,0,0,2,0.5906318145388564,0.269364609940759,2.3674885221360746,-1.5205168171998555,24.489597000000003,1,3,0,0,0.0,266,2395
4,0,9,0,1,1,2,0.5773545075103556,0.5213180268627498,1.6224194359379598,-1.5202989181579292,24.442097,0,3,0,0,0.0,267,5423
4,0,9,0,2,1,2,0.7234048848238609,0.5703240299886126,1.503885717679169,-1.887893289243082,25.578347,0,3,0,0,0.0,268,5010
4,0,9,0,3,1,2,0.8030687269948634,0.6680679182901064,1.5264613109909713,-1.0960954260961397,26.1916805,0,3,0,0,0.0,269,4630
4,0,9,0,4,1,2,0.7366821918523613,0.5815730675450419,1.7776444200143438,-0.9980277307809118,25.6606385,0,3,0,0,0.0,270,4120
4,0,9,0,5,1,2,0.7278288835257573,0.5853445933783148,1.5292858001631955,-0.5982223681907346,25.610625,0,3,0,0,0.0,271,3907
4,0,9,0,6,0,1,0.6304637356243574,0.581495611248308,0.5161069899743541,-0.27985349090850453,24.933763499999998,1,3,0,0,0.0,272,4839
4,0,9,0,0,0,1,0.3516402880258476,0.40463905309815673,0.16614804018709928,0.16109016068152845,22.807097,1,3,0,0,0.0,273,5202
4,0,10,0,1,1,2,-0.46712874903928514,-0.3816376895775453,0.8858170439011873,1.287615080993158,16.433125,0,4,0,0,0.0,274,2429
4,0,10,0,2,1,2,-0.7503761953396911,-0.784088691053478,1.142642357913678,0.36504891450404414,14.2275135,0,4,0,0,0.0,275,2918
4,0,10,0,3,1,2,-0.604325818026186,-0.5056690533551855,0.9337927196970165,-1.4551589184253875,15.3704305,0,4,0,0,0.0,276,3570
4,0,10,0,4,1,1,-0.07323353688616707,-0.024176880150656804,0.5894827482542099,0.1529386362817486,19.495847,0,4,0,0,0.0,277,4456
4,0,10,0,5,1,1,0.21443790811613545,0.2992329495966802,0.16897252935932344,-0.22253029114386796,21.7476945,0,4,0,0,0.0,278,4826
4,0,10,0,6,0,1,-0.020124308772165634,0.020908642725136938,-0.014477026373310853,-0.7777265488139097,19.9504305,1,4,0,0,0.0,279,4765
4,0,10,0,0,0,1,0.06838753080263012,0.16377976113912732,0.4145066600382476,-2.255269761286308,20.6020695,1,4,0,0,0.0,280,4985
4,0,10,0,1,1,1,0.1259260685413397,0.2164381265648268,0.5302158891248144,-1.9531973695794838,21.037722,0,4,0,0,0.0,281,5409
4,0,10,0,2,1,1,0.2277152151446358,0.280434902197033,0.7080164665130009,-1.7163201086880986,21.810403,0,4,0,0,0.0,282,5511
4,0,10,1,3,0,1,0.38704289948664145,0.39329468471497797,0.750349937319712,-1.9938893593368399,23.037278,0,4,0,0,0.0,283,5117
4,0,10,0,4,1,2,0.36491759505434795,0.4121880629413748,1.2583515870002446,-0.6715598348921371,22.828971999999997,0,4,0,0,0.0,284,4563
4,0,10,0,5,1,3,0.24099252217313616,0.24310096717129973,1.9187537315849372,0.7081348939517903,21.823528,0,4,0,1,0.0,285,2416
4,0,10,0,6,0,2,0.4844133583108526,0.4461973353842229,1.8538446674664237,-0.6880335275197118,23.7075135,1,4,0,0,0.0,286,2913
4,0,10,0,0,0,2,0.2808244432586377,0.31434884381313194,0.631816219060921,0.38959537284154594,22.226028,1,4,0,0,0.0,287,3644
4,0,10,0,1,1,1,0.04626222637033708,0.12994327581976273,-0.9458133841209543,0.8385199050033447,20.5316805,0,4,0,0,0.0,288,5217
4,0,10,0,2,1,1,0.0728168404273378,0.15633204029933048,-0.9232310174538224,1.1487503843341034,20.7350135,0,4,0,0,0.0,289,5041
4,0,10,0,3,1,1,0.19231260368384193,0.20144139588181195,-0.29387793369760384,-0.2470898759296785,21.6110555,0,4,0,0,0.0,290,4570
4,0,10,0,4,1,2,0.18345929535723793,0.2729156832371743,0.5330403782970385,-1.1041419389094491,21.4816665,0,4,0,0,0.0,291,4748
4,0,10,0,5,1,3,0.23252691121176436,0.22004878162796035,1.844023302239266,0.6449835511380354,21.7636905,0,4,0,1,0.0,292,2424
4,0,10,0,6,0,1,-0.11749476759637628,-0.06191001301340332,0.08994779273501938,2.99377770572586,19.191028000000003,1,4,0,0,0.0,293,4195
4,0,10,0,0,0,1,-0.3741875998397817,-0.3176885793587137,-0.3305624261598676,0.35694989589749926,17.2404165,1,4,0,0,0.0,294,4304
4,0,10,0,1,1,1,-0.40074221389678244,-0.30639187638890997,0.04197211693918978,-1.3328086063836648,17.0079165,0,4,0,0,0.0,295,4308
4,0,10,0,2,1,1,-0.4051662125986788,-0.3252137564952444,0.8011501022877653,-1.242947566551114,16.917722,0,4,0,0,0.0,296,4381
4,0,10,0,3,1,1,-0.18388130273887898,-0.11826244797564232,1.0099929671490964,-0.9898762063811318,18.610611499999997,0,4,0,0,0.0,297,4187
4,0,10,0,4,1,1,-0.13962007202866977,-0.08067826952969159,-0.0003613538675212874,-0.3615656316309373,19.0268885,0,4,0,0,0.0,298,4687
4,0,10,0,5,1,2,-0.07323353688616707,-0.024248378270719108,0.6600407907171718,-0.5980517243627198,19.490638500000003,0,4,0,0,0.0,299,3894
4,0,10,0,6,0,2,-0.1484733803552738,-0.11838756968575083,1.2865761586564954,0.04673254301504942,18.8635415,1,4,0,0,0.0,300,2659
4,0,10,0,0,0,2,-0.8875785752494038,-0.9420101637405298,-0.25154446289089283,0.46305097757772784,13.271236499999999,1,4,0,0,0.0,301,3747
4,0,10,0,1,1,3,-1.2947457835082103,-1.4836024650338828,1.7578865425194352,2.0630600148369664,9.979597,0,4,0,1,0.0,302,627
4,0,10,0,2,1,1,-0.9495358007671983,-0.9270134330575149,0.005280851121597248,-0.2308393329233538,12.773971999999999,0,4,0,0,0.0,303,3331
4,0,10,0,3,1,1,-0.8388933458372981,-0.7200621245379129,0.5443247882752748,-1.1531954762395265,13.5883335,0,4,0,0,0.0,304,3669
4,0,11,0,4,1,1,-0.5158139784513907,-0.47562792657578123,0.41168217086602343,-0.7696275302073652,16.092277999999997,0,4,0,0,0.0,305,4068
4,0,11,0,5,1,1,-0.6397337404097911,-0.5170670453284105,0.6487496073836054,-1.4716207972494841,15.118125,0,4,0,0,0.0,306,4186
4,0,11,0,6,0,1,-0.47598205736588917,-0.42299935203344063,0.5358580941139325,-0.7532719756145698,16.3906115,1,4,0,0,0.0,307,3974
4,0,11,0,0,0,2,-0.5025366714228899,-0.4380675808365178,-0.003185843039744964,1.0182997410410048,16.225403,1,4,0,0,0.0,308,4046
4,0,11,0,1,1,1,-0.9097038796816967,-0.9119690369611255,-0.703096969258925,-0.06748068372003273,13.1337635,0,4,0,0,0.0,309,3926
4,0,11,0,2,1,1,-0.7946374260499003,-0.682555402388696,0.75599214230883,-1.3408485559728198,13.9143615,0,4,0,0,0.0,310,3649
4,0,11,0,3,1,1,-0.5467925912102878,-0.45308814422621996,0.9196838205465562,-1.798032249410531,15.815625,0,4,0,0,0.0,311,4035
4,0,11,0,4,1,1,-0.47598205736588917,-0.3853138845840687,0.668507484878514,-1.6429760787625414,16.3808195,0,4,0,0,0.0,312,4205
4,0,11,0,5,1,1,-0.520237977153287,-0.4041834301037782,0.9168593313743321,-1.7327833001570259,16.0208335,0,4,0,0,0.0,313,4109
4,0,11,0,6,0,2,-0.6264564333812906,-0.6148526408666066,1.2893938744733895,-0.06741505147848866,15.1733335,1,4,0,0,0.0,314,2933
4,0,11,1,0,0,1,-0.9229811867101974,-1.0134784929192202,-1.196989719788997,1.5813718676963415,13.067722,1,4,0,0,0.0,315,3368
4,0,11,0,1,1,1,-0.7503761953396911,-0.7088667105715303,-0.47449622690268517,0.2344276273829313,14.3468885,0,4,0,0,0.0,316,4067
4,0,11,0,2,1,1,-0.3033770659953831,-0.27625541878275606,-1.1151472673477985,1.1488028901273384,17.844986499999997,0,4,0,0,0.0,317,3717
4,0,11,0,3,1,1,0.17018198832873757,0.2841825953236187,-0.2430777687295506,1.4753232918093482,21.4364585,0,4,0,0,0.0,318,4486
4,0,11,0,4,1,2,0.17018198832873757,0.1826969720722114,0.4455489475113923,0.0712790013525512,21.385625,0,4,0,0,0.0,319,4195
4,0,11,0,5,1,3,-0.2192839141996724,-0.14852402729190473,2.0796209206504392,-0.7531144582348638,18.258347,0,4,0,1,0.0,320,1817
4,0,11,0,6,0,2,-0.8300400375106939,-0.9157405627943985,-0.3192780161816305,1.4591252545962592,13.7204305,1,4,0,0,0.0,321,3053
4,0,11,0,0,0,1,-1.1885273272802066,-1.2166284847221902,-1.4425238504679212,-0.3369535410518914,11.035847,1,4,0,0,0.0,322,3392
4,0,11,0,1,1,1,-0.8964265726531964,-0.9082213438345393,-0.818812971700821,0.3976418856548555,13.2448055,0,4,0,0,0.0,323,3663
4,0,11,0,2,1,2,-0.18388130273887898,-0.11831607156568852,0.41732437585514154,-0.10833019085709455,18.6543615,0,4,0,0,0.0,324,3520
4,0,11,0,3,1,3,-0.2679691436117779,-0.18979035892105087,1.944153814068964,-0.7370345590565539,17.892500000000002,0,4,0,1,0.0,325,2765
4,0,11,0,4,1,3,-0.43172082665567996,-0.32900911503520475,2.299754968845337,-0.9898762063811318,16.602097,0,4,0,1,0.0,326,1607
4,0,11,0,5,1,2,-0.3033770659953831,-0.27633287507948995,0.9140416155574381,1.85899624942798,17.6951945,0,4,0,0,0.0,327,2566
4,0,11,1,6,0,1,-0.6618643557648956,-0.6223003617064035,-0.4998963093867118,-0.35308594602343674,15.0320695,1,4,0,0,0.0,328,1495
4,0,11,0,0,0,1,-0.6530110474382915,-0.5734433129973363,0.14074795770307266,-1.2510426472231662,15.053125,1,4,0,0,0.0,329,2792
4,0,11,0,1,1,1,-0.6485870487363952,-0.5471320048145025,0.39757327171556317,-1.6510711594345935,15.0683195,0,4,0,0,0.0,330,3068
4,0,11,0,2,1,1,-0.20600660717117203,-0.12581145781886036,0.5104580116299059,0.19363062603910444,18.4766805,0,4,0,0,0.0,331,3071
4,0,11,0,3,1,1,0.029325693524781676,0.07868508191194494,0.8132947283927944,-0.6836361673362558,20.2710765,0,4,0,0,0.0,332,3867
4,0,11,0,4,1,2,-0.2104359167958797,-0.15217638959174082,1.4079275927321804,0.8386380430381238,18.3762365,0,4,0,0,0.0,333,2914
4,0,11,0,5,1,1,-0.918557188008301,-0.9872386828564479,-0.06527719134136413,1.010148216641225,13.018333499999999,0,4,0,0,0.0,334,3613
4,0,12,0,6,0,1,-0.9849437231508033,-1.0210036700557508,-0.6664124767966613,0.3406993528911746,12.5502085,1,4,0,0,0.0,335,3727
4,0,12,0,0,0,1,-0.9760904148241992,-0.866812015965269,0.019389750272058,-1.2266510809757085,12.5679305,1,4,0,0,0.0,336,3940
4,0,12,0,1,1,1,-1.0557542569952019,-0.9909148778629715,-0.06809490715825899,-1.2918987175843826,11.959388500000001,0,4,0,0,0.0,337,3614
4,0,12,0,2,1,1,-0.8875785752494038,-0.7615489087039171,1.035393049633123,-1.4471189688362325,13.1762365,0,4,0,0,0.0,338,3485
4,0,12,0,3,1,2,-0.5954778206223933,-0.494473639388803,1.3825275102481538,-1.7326192195531658,15.405611500000001,0,4,0,0,0.0,339,3811
4,0,12,0,4,1,3,-0.18830530144077534,-0.12223655181575774,2.2122635380596907,0.5037954731283193,18.4877085,0,4,0,1,0.0,340,2594
4,0,12,0,5,1,3,-0.46712874903928514,-0.4568120046461184,2.353379622985614,0.9447391247183526,16.3247915,0,4,0,1,0.0,341,705
4,0,12,0,6,0,1,-1.2327885579904159,-1.3106663871338007,-0.2910534445253802,0.6019156742367824,10.609153000000001,1,4,0,0,0.0,342,3322
4,0,12,0,0,0,1,-1.1000154877054111,-0.9495770481137633,0.4935246233072214,-1.4634167670564688,11.5762365,1,4,0,0,0.0,343,3620
4,0,12,0,1,1,1,-1.1841033285783102,-1.2542186213448125,-0.7821217058832285,0.5121701471493493,11.02125,0,4,0,0,0.0,344,3190
4,0,12,0,2,1,1,-1.4717800845034243,-1.3332121276600335,-0.9006554241420195,-1.6757370684517052,8.809153,0,4,0,0,0.0,345,2743
4,0,12,0,3,1,1,-1.378838935303921,-1.2316728808185795,0.3241907400803772,-1.7163201086880986,9.436236500000001,0,4,0,0,0.0,346,3310
4,0,12,0,4,1,1,-1.1442714074928089,-1.0473149782385849,-0.2233198912346425,-0.7042709440777278,11.2875,0,4,0,0,0.0,347,3523
4,0,12,0,5,1,2,-0.9583891090938024,-0.8255278098061076,0.27621506428454806,-1.7490272799391964,12.685625,0,4,0,0,0.0,348,3740
4,0,12,0,6,0,2,-0.40074221389678244,-0.3853675081741153,0.07583889358455863,0.9692462037109278,17.005416500000003,1,4,0,0,0.0,349,3709
4,0,12,0,0,0,2,-0.6530110474382915,-0.6976474638984601,-0.8300973816790581,0.8712310141889354,15.1247915,1,4,0,0,0.0,350,3577
4,0,12,0,1,1,2,-1.272620479075917,-1.3557519100095945,-0.42087834611773706,0.642725802028918,10.311236500000001,0,4,0,0,0.0,351,2739
4,0,12,0,2,1,1,-1.378838935303921,-1.3783453159492023,-0.24871997371866914,-0.32059798645909604,9.478528,0,4,0,0,0.0,352,2431
4,0,12,0,3,1,1,-1.1752500202517062,-1.1676999378930608,0.09841448689636159,-0.2796828470804898,11.024597,0,4,0,0,0.0,353,3403
4,0,12,0,4,1,2,-0.5954778206223933,-0.47940541058572583,-0.18662862541704997,-1.7409873303500412,15.5214445,0,4,0,0,0.0,354,3750
1,0,12,0,5,1,2,-0.36976360113788537,-0.2913474802925205,1.594194864281709,0.3570024016907346,17.1324865,0,4,0,0,0.0,355,2660
1,0,12,0,6,0,2,-0.3963182151948861,-0.30264418326232423,0.911217126385214,-1.928640410083335,16.977903,1,4,0,0,0.0,356,3068
1,0,12,0,0,0,1,-0.6618643557648956,-0.5922592349269992,0.42861555918870786,1.0506826890188752,14.963528,1,4,0,0,0.0,357,2209
1,0,12,0,1,1,1,-1.0380529512648051,-1.0586116812083888,-0.5450542693656466,-0.0511776349204727,12.13125,0,4,0,0,0.0,358,1011
1,0,12,0,2,1,1,-1.1852557988283843,-1.173491285618087,0.39511454373110866,-0.5133992592191104,10.925450999999999,0,4,0,0,0.0,359,754
1,0,12,1,3,0,1,-0.9358761072962768,-0.9615351086941412,-0.7857996378269154,0.5941316903896495,12.9378205,0,4,0,0,0.0,360,1317
1,0,12,0,4,1,2,-0.918557188008301,-0.8894530873182516,0.9450839030305829,-0.07551407008503316,12.94375,0,4,0,0,0.0,361,1162
1,0,12,0,5,1,1,-1.0559507611392238,-1.173413829321353,-0.8064177314486161,1.3094706174273505,12.012373499999999,0,4,0,0,0.0,362,2302
1,0,12,0,6,0,1,-1.325729707189919,-1.269233226557843,-0.3305624261598676,-0.9817378084296607,9.894569500000001,1,4,0,0,0.0,363,2423
1,0,12,0,0,0,1,-0.9893677218526996,-0.9420101637405298,0.09277228190724306,-0.7858255674204545,12.4600135,1,4,0,0,0.0,364,2999
1,0,12,0,1,1,1,-0.46712874903928514,-0.3741423033243735,-0.0483438030186797,0.34064684709793924,16.502083499999998,0,4,0,0,0.0,365,2485
1,1,1,0,2,1,1,-0.6795656614952925,-0.6035321051901157,0.47094902999541893,-0.02672306172113247,14.82375,0,1,0,0,15.17,1,2294
1,1,1,1,3,0,1,-1.1944968045202204,-1.3382765778310954,-1.636892054991022,1.778137327845621,11.004111,0,1,0,0,11.194763,2,1951
1,1,1,0,4,1,1,-1.8479686800033337,-2.089179625606098,-1.2308564964343658,2.2507682256531565,5.929375,0,1,0,0,6.15,3,2236
1,1,1,0,5,1,2,-2.073682899487842,-2.1305174553553066,-1.411481562994776,-0.12473825124312524,4.2002085,0,1,0,0,4.4075,4,2368
1,1,1,0,6,0,1,-1.2327885579904159,-1.182720501282763,-0.6692301926135561,-0.8429256175638411,10.6370695,1,1,0,0,10.899153,5,3272
1,1,1,0,0,0,1,-0.8698719585961955,-0.8141774832462573,-0.5478787585378703,-0.3451575712449066,13.429805499999999,1,1,0,0,13.700847,6,4098
1,1,1,0,1,1,1,-0.5556458995368918,-0.5132180631984036,-0.6184300276455028,-0.2552414003294587,15.860819500000002,0,1,0,0,16.126653,7,4521
1,1,1,0,2,1,1,-0.8521706528657985,-0.8142311068363038,-1.0699893073688638,-0.03492709191414799,13.605,0,1,0,0,13.8375,8,3425
1,1,1,0,3,1,2,-1.454073467850216,-1.3670247802727111,0.5330403782970385,-1.250987516140269,8.8400135,0,1,0,0,9.190847,9,2376
1,1,1,0,4,1,1,-1.0051464735253697,-0.941926749267124,0.1595236986752647,-0.0873016206663577,12.333274999999999,0,1,0,0,12.656536,10,3598
1,1,1,0,5,1,2,-1.1885273272802066,-1.1564509003366317,1.5208191060018532,-0.8267275803507517,10.817097,0,1,0,0,11.240847,11,2177
1,1,1,0,6,0,2,-0.6131791263527903,-0.5658943031541183,1.2188426053657577,-0.17373928277996725,15.281041499999999,1,1,0,0,15.6825,12,4097
1,1,1,0,0,0,1,-1.1885273272802066,-1.3558055335996413,-0.7821217058832285,2.4140218632700075,10.987097,1,1,0,0,11.240847,13,3214
1,1,1,0,1,1,1,-1.6886409956613282,-1.7506836925256686,-1.120789472336917,-0.09214528009231392,7.15125,0,1,0,0,7.38,14,2493
1,1,1,0,2,1,1,-1.759451529505727,-1.878558080256644,-1.380432502166302,0.7489318952956169,6.6237635,0,1,0,0,6.833347,15,2311
1,1,1,1,3,0,1,-1.6355317675473264,-1.7055445460598282,-0.680521375947122,0.48771557395000903,7.5287500000000005,0,1,0,0,7.79,16,2298
1,1,1,0,4,1,2,-0.6634045233802017,-0.6711157031787681,0.6307121621422819,2.0336436441768906,14.936719499999999,0,1,0,0,15.294763,17,2935
1,1,1,0,5,1,1,-1.0336289525629088,-1.2015364232124257,-1.216747597283905,2.903914040603647,12.2149865,0,1,0,0,12.436653,18,3376
1,1,1,0,6,0,1,-1.6355317675473264,-1.7092684064797266,-0.8498552591739662,0.3406993528911746,7.54125,1,1,0,0,7.79,19,3292
1,1,1,0,0,0,2,-1.489481390233821,-1.5250415837865123,-1.1715896373049703,0.11219414073115745,8.6925,1,1,0,0,8.9175,20,3163
1,1,1,0,1,1,2,-1.7240489180449332,-1.7996122393547977,1.4107520819044046,0.3733054504902946,6.691027999999999,0,1,0,0,7.106653,21,1301
1,1,1,0,2,1,2,-1.7815821448608313,-1.8748342198367456,1.1736846453868226,0.07134463359409528,6.264374999999999,0,1,0,0,6.6625,22,1977
1,1,1,0,3,1,2,-1.4850573915319247,-1.3933658793389043,1.952620508230306,-1.095990414509669,8.496028,0,1,0,0,8.951653,23,2432
1,1,1,0,4,1,1,-0.8256160388087976,-0.7615012432905421,1.4417943693775492,-0.9245721260447297,13.6245835,0,1,0,0,14.0425,24,4339
1,1,1,0,5,1,1,-1.0823088710522029,-1.0849527802745822,0.14074795770307266,-0.43490309833233975,11.738972,0,1,0,0,12.060847,25,4270
1,1,1,0,6,0,2,-0.8300400375106939,-0.7201395808346468,0.9930595788264119,-1.5857670790981913,13.6235555,1,1,0,0,14.008347,26,4075
1,1,1,0,0,0,2,-0.3874649068682821,-0.3666230843645148,0.8011501022877653,1.9488074087569576,17.054375,1,1,0,0,17.425,27,3456
1,1,1,0,1,1,1,-0.9672424174204063,-0.8969246408647357,-0.539412064376528,0.21824271661815067,12.6774865,0,1,0,0,12.949153,28,4023
1,1,1,0,2,1,1,-1.1442714074928089,-1.2166284847221902,-2.111392689213956,0.6018106626503118,11.426874999999999,0,1,0,0,11.5825,29,3243
1,1,1,0,3,1,1,-1.2150819413372076,-1.276782236401061,-1.5046151987695402,0.2833892795748467,10.835430500000001,0,1,0,0,11.035847,30,3624
1,1,1,0,4,1,1,-0.5733472052672887,-0.5695943308673295,-1.3973658904889863,0.8875340629884951,15.7816665,0,1,0,0,15.99,31,4509
1,1,2,0,5,1,1,-0.15289737905717013,-0.06183255671666983,-0.7792972167110048,-0.06741505147848866,18.9818885,0,1,0,0,19.235847,32,4579
1,1,2,0,6,0,2,-0.5246619758551834,-0.46440867990271095,0.3383064125861677,-0.0920927742990786,16.0293885,1,1,0,0,16.365847,33,3761
1,1,2,0,0,0,1,-0.9805197244489069,-0.9984102641161432,-0.6522968042908717,-0.2061747365510726,12.5833195,1,1,0,0,12.846653,34,4151
1,1,2,0,1,1,2,-1.2416365553942086,-1.2166046520155027,1.0607931321171498,-0.9491317108305403,10.441055500000001,0,1,0,0,10.830847,35,2832
1,1,2,0,2,1,2,-1.2327885579904159,-1.2654855334312571,0.43990674252227424,-0.23899085732313397,10.5551945,0,1,0,0,10.899153,36,2947
1,1,2,0,3,1,1,-1.1436925169063663,-1.075389906716283,-0.005393956877023161,-0.5303455039858028,11.275882,0,1,0,0,11.586969,37,3784
1,1,2,0,4,1,1,-0.7636535023681916,-0.6900269559351802,-0.8583219533353085,-0.6146304285767653,14.272722,0,1,0,0,14.520847,38,4375
1,1,2,0,5,1,2,-1.28146847647971,-1.254164997754766,0.6769741790398562,-0.7939114595786904,10.1618885,0,1,0,0,10.523347,39,2802
1,1,2,0,6,0,1,-1.2372125566923122,-1.2805775949410214,-0.41241165195639484,-0.002176603383630681,10.5839585,1,1,0,0,10.865,40,3830
1,1,2,0,0,0,2,-1.153124715819413,-1.092477957411113,-0.561987657688331,-1.014330779580472,11.244153,1,1,0,0,11.514153,41,3831
1,1,2,0,1,1,3,-1.454073467850216,-1.585165544582024,0.7334165489970276,1.2547989602210965,8.825222,0,1,0,1,9.190847,42,2169
1,1,2,0,2,1,1,-1.967464443259838,-2.235852060736721,-1.0728137965410873,2.8223069114676855,4.9952085,0,1,0,0,5.2275,43,1529
1,1,2,0,3,1,1,-1.46292677617682,-1.4836024650338828,-1.434057156306579,-0.3533616014379221,8.916875000000001,0,1,0,0,9.1225,44,3422
1,1,2,0,4,1,2,-0.9495358007671983,-0.8518391179889419,-0.7736550117218863,-0.6960144080914773,12.831472,0,1,0,0,13.085847,45,3922
1,1,2,0,5,1,1,-0.7946374260499003,-0.7464806799008399,-0.6212545168177265,-0.16543024100048143,14.016028,0,1,0,0,14.281653,46,4169
1,1,2,0,6,0,2,-0.9628131077956986,-0.8743848585151748,0.8801748389120693,-1.3491077172487325,12.6068885,1,1,0,0,12.983347,47,3005
1,1,2,0,0,0,1,-0.8211920401069013,-0.7464806799008399,0.07865660940145348,0.15283362469527795,13.7593615,1,1,0,0,14.076653,48,4154
1,1,2,0,1,1,1,-0.803485423453693,-0.7238634412545452,-0.5986789235059236,-0.04297360472745752,13.9460555,0,1,0,0,14.213347,49,4318
1,1,2,0,2,1,2,-1.1575487145213093,-1.257936523588039,-0.7256793359260567,0.7732683304601781,11.2220835,0,1,0,0,11.48,50,2689
1,1,2,1,3,0,1,-1.1575487145213093,-1.212636506352059,-0.7799135920459503,0.4578529040474334,11.226087,0,1,0,0,11.48,51,3129
1,1,2,0,4,1,1,-1.1159854325992915,-1.0832129926864058,-0.19386934226382954,0.15114031286343974,11.503692,0,1,0,0,11.800866,52,3777
1,1,2,0,5,1,1,-0.5423685925083914,-0.5019690256419744,-0.37289589696657865,0.5285782075353799,15.9451945,0,1,0,0,16.229153,53,4773
1,1,2,0,6,0,1,-0.23256122122817274,-0.19346059575090266,-0.4632118169244481,-0.04318362790039849,18.3435555,1,1,0,0,18.620847,54,5062
1,1,2,0,0,0,2,-0.4804060560677855,-0.39291055984066175,0.7757500198037386,0.5692176914995004,16.33875,1,1,0,0,16.7075,55,3487
1,1,2,0,1,1,1,-1.1000154877054111,-1.3181915642703315,-1.538481975414909,2.985468663946374,11.7262365,0,1,0,0,11.924153,56,2732
1,1,2,0,2,1,1,-1.1619727132232056,-1.2429219183750086,-1.4425238504679212,0.14473460608873345,11.240847,0,1,0,0,11.445847,57,3389
1,1,2,0,3,1,1,-0.6972669672256894,-0.708795212451468,-0.895013219152901,0.9691280656761482,14.7879305,0,1,0,0,15.033347,58,4322
1,1,2,0,4,1,1,-0.7370988883111907,-0.7351839769310362,-1.538481975414909,-0.010315001335101779,14.5279305,0,1,0,0,14.725847,59,4363
1,1,3,0,5,1,1,-0.06438553948237438,-0.009203982174329243,-0.051161518835574564,0.4303398683921371,19.6114445,0,1,0,0,19.919153,60,4990
1,1,3,0,6,0,2,-0.7680828119928994,-0.6975461748950389,0.23105710430561283,-0.6471183881411059,14.1581115,1,1,0,0,14.486653,61,3194
1,1,3,0,0,0,2,-0.44499813368418034,-0.37788999645095916,-0.011652537201087177,-0.4347980867458691,16.670222,1,1,0,0,16.980847,62,4066
1,1,3,0,1,1,1,-0.9141331893064046,-1.036095731565515,-1.4876818104468559,1.8425356832487145,13.1574865,0,1,0,0,13.359153,63,3423
1,1,3,0,2,1,1,-1.35228432124692,-1.4046089587186616,-0.7905884000445708,0.454899453177948,9.723528,0,1,0,0,9.976653,64,3333
1,1,3,0,3,1,1,-1.272620479075917,-1.3219630901036044,-1.1264316773260357,0.08758205015211125,10.363319500000001,0,1,0,0,10.591653,65,3956
1,1,3,0,4,1,1,-0.4981073617981822,-0.5470545485177686,-0.7426127242487411,1.9896569158940198,16.3141805,0,1,0,0,16.570847,66,4916
1,1,3,0,5,1,1,0.15690468130023721,0.28413492991024414,-0.3757203861388023,3.246960640706467,21.34375,0,1,0,0,21.6275,67,5382
1,1,3,0,6,0,2,-0.46270475033738884,-0.47565771745914015,-1.4622817279628293,2.8956575046173967,16.6406115,1,1,0,0,16.844153,68,4569
1,1,3,0,0,0,1,-1.117716793435808,-1.1865635252360982,-1.8461006810401237,0.41410245183412114,11.6122915,1,1,0,0,11.7875,69,4118
1,1,3,0,1,1,1,-0.7234391948402695,-0.6985709812825951,-0.9890002976991286,0.37258349583330913,14.5928205,0,1,0,0,14.831299,70,4911
1,1,3,0,2,1,1,-0.1661746860856705,-0.10321805187925245,-0.9062976291311381,0.1773407036878535,18.8887635,0,1,0,0,19.133347,71,5298
1,1,3,0,3,1,1,0.35606428672774393,0.3933185174216657,-0.037052619685113815,0.5611186728929559,22.85625,0,1,0,0,23.165,72,5847
1,1,3,0,4,1,1,0.39589620781324547,0.4272086263310769,-0.7849461950554522,-1.0388378585730471,23.2189585,0,1,0,0,23.4725,73,6312
1,1,3,0,5,1,1,0.3162323656422429,0.33311710032941977,-0.29387793369760384,-0.5817618020114685,22.567708500000002,0,1,0,0,22.8575,74,6192
1,1,3,0,6,0,2,-0.3299316800523838,-0.24241893346339105,1.4841278401842604,-1.063384316910549,17.4481115,1,1,0,0,17.869153,75,4378
1,1,3,0,0,0,2,0.08609414745583815,0.16760491056244736,0.8999259430516476,-1.0960429203029045,20.702930499999997,1,1,0,0,21.080847,76,7836
1,1,3,0,1,1,2,-0.13519607332677344,-0.07695440910979319,1.266818281161587,-0.8836701131144326,18.967499999999998,0,1,0,0,19.3725,77,5892
1,1,3,0,2,1,1,0.24984583049974016,0.3330932676227325,0.7164831606743431,-0.4185475437395444,21.980625,0,1,0,0,22.345,78,6153
1,1,3,0,3,1,1,0.3339336713726396,0.3671263727722679,1.2527093820111266,-0.9573357410235558,22.5901945,0,1,0,0,22.994153,79,6093
2,1,3,0,4,1,2,0.17903529665534157,0.2165334573915764,1.3430185286136669,-1.373610858306815,21.387722,0,1,1,0,21.798347,80,6230
2,1,3,0,5,1,1,0.2985310599118457,0.3256217140762484,1.4107520819044046,-1.006021737800986,22.305222,0,1,1,0,22.720847,81,6871
2,1,3,0,6,0,2,0.5507998934533548,0.5550115159419906,0.4822402133289853,-1.0225873155667224,24.3212635,1,1,1,0,24.668347,82,8362
2,1,3,0,0,0,2,0.02413161101523224,0.05849282117108766,1.7776444200143438,-0.0186371695628967,20.1597915,1,1,1,0,20.6025,83,3372
2,1,3,0,1,1,2,-0.32107837172577985,-0.2349175890335476,1.746595359185869,0.3487983714977194,17.4970835,0,1,1,0,17.9375,84,4996
2,1,3,0,2,1,1,-0.27682245193838195,-0.22739837007368888,-0.982497876583218,2.528392607384796,18.040194500000002,0,1,1,0,18.279153,85,5558
2,1,3,0,3,1,1,-0.927410496334905,-0.9608260856701925,-2.2553264899567735,-0.09202714205753451,13.111653,0,1,1,0,13.256653,86,5102
2,1,3,0,4,1,1,-0.07323353688616707,-0.035545081240522844,-0.959922283271415,1.2794110508001424,19.610222,0,1,1,0,19.850847,87,5698
2,1,3,0,5,1,1,-0.020124308772165634,0.03210405669151989,-1.2449653955848266,1.6466759480327438,20.0412635,0,1,1,0,20.260847,88,6133
2,1,3,0,6,0,2,-0.6795656614952925,-0.6035321051901157,-0.2854112395362617,-0.7368639152285391,14.8795835,1,1,1,0,15.17,89,5459
2,1,3,0,0,0,2,-0.3918889055701784,-0.32893761691514284,0.7813922247928566,0.7405178419296607,17.021680500000002,1,1,1,0,17.390847,90,6235
2,1,4,0,1,1,2,-0.38304090816638575,-0.35527871598133604,0.3608820058979702,-0.28793938306674066,17.121028,0,2,1,0,17.459153,91,6041
2,1,4,0,2,1,1,-0.3401286518502723,-0.29435040133512635,-0.8034713218804689,1.5480831947851623,17.538259,0,2,1,0,17.790433,92,5936
2,1,4,0,3,1,1,-0.1661746860856705,-0.09195113979280804,-1.5328329970704617,-1.2348026053754886,18.9350135,0,2,1,0,19.133347,93,6772
2,1,4,0,4,1,1,0.23214452476934347,0.3368409607493182,-1.0389470198957187,-0.1736342711934966,21.9735555,0,2,1,0,22.208347,94,6436
2,1,4,0,5,1,1,-0.3343556787542802,-0.27260305648291955,-1.6852334919746217,0.33244281690492405,17.6479165,0,2,1,0,17.835,95,6457
2,1,4,0,6,0,1,-0.5025366714228899,-0.5132895613184655,-1.6654823878350422,1.393834300708166,16.3481115,1,2,1,0,16.536653,96,6460
2,1,4,0,0,0,1,-0.32107837172577985,-0.30259651784894925,-2.498036131463474,1.0588867192118907,17.8104165,1,2,1,0,17.9375,97,6857
2,1,4,0,1,1,1,0.010854303986731883,0.09240676278718658,-2.3512846149037614,0.5039661169563341,20.3620835,0,2,1,0,20.5,98,5169
2,1,4,0,2,1,1,-0.04667892282916635,-0.0016549723311112092,-2.069059218407245,2.1526480245446935,19.897097,0,2,1,0,20.055847,99,5585
2,1,4,0,3,1,1,-0.2723931423136743,-0.24239510075670376,-1.273189967241077,0.7242147931301003,18.095847,0,2,1,0,18.313347,100,5918
2,1,4,0,4,1,1,-0.7927095610693621,-0.8320103060250665,-1.0390689402916422,1.3267056440568372,14.0617535,0,2,1,0,14.296536,101,4862
2,1,4,0,5,1,1,-0.5335152841817874,-0.5321352741314876,-1.0615226132075215,1.263108002000582,16.064375,0,2,1,0,16.2975,102,5409
2,1,4,0,6,0,1,-0.29452375766877914,-0.26876003252958464,-1.453815033801487,-0.5084112088617574,17.9383335,1,2,1,0,18.1425,103,6398
2,1,4,0,0,0,1,-0.015700310070268834,0.0660179983076184,-0.8131639933563737,-0.04313112210716316,20.043541500000003,1,2,1,0,20.295,104,7460
2,1,4,0,1,1,1,0.5773545075103556,0.5777002527083477,-0.7792972167110048,0.4059509274343413,24.6193885,0,2,1,0,24.873347,105,7132
2,1,4,1,2,0,1,0.8827325691658665,0.822283405087275,-0.4152293677732897,1.1895998914711647,26.9500135,0,2,1,0,27.230847,106,6370
2,1,4,0,3,1,1,0.5862025049141483,0.724342896955611,-1.5751664678771728,1.0425836704123304,24.7464445,0,2,1,0,24.941653,107,6691
2,1,4,0,4,1,2,-0.18388130273887898,-0.11843523509912542,-0.36442920280523644,-0.34510506545167124,18.7120695,0,2,1,0,18.996653,108,4367
2,1,4,0,5,1,1,0.0020009956601278645,0.0961067905003977,-0.07091939633048266,-1.6837770180408607,20.125403000000002,0,2,1,0,20.431653,109,6565
2,1,4,0,6,0,1,0.15248068259834086,0.23153018807459125,0.4850579291458792,-0.5819193193911746,21.2460555,1,2,1,0,21.593347,110,7290
2,1,4,0,0,0,1,0.38261890078474514,0.3932708520082907,0.4060399658769054,1.173296842671605,23.0285415,1,2,1,0,23.37,111,6624
2,1,4,0,1,1,3,-0.5379392828836838,-0.5208147384549962,1.4389766535606554,1.9734720051292391,15.8456385,0,2,1,1,16.263347,112,1027
2,1,4,0,2,1,2,-0.9362584937386977,-1.047392434535319,0.9733084746868337,1.4346313020519923,12.8050135,0,2,1,0,13.188347,113,3214
2,1,4,0,3,1,1,-0.449427443308888,-0.42680066875007294,-1.14336506564872,0.724319804716571,16.719569500000002,0,2,1,0,16.946653,114,5633
2,1,4,0,4,1,1,-0.1130654579716686,-0.03931660707379585,-1.3211656430369065,-0.9898762063811318,19.3293885,0,2,1,0,19.543347,115,6196
2,1,4,0,5,1,2,0.0020009956601278645,0.0397245646547998,0.905574921396096,-0.23073432133688312,20.0533195,0,2,1,0,20.431653,116,5026
2,1,4,0,6,0,1,-0.21485991549777606,-0.14465717063188213,-1.5046151987695402,2.01399335105858,18.5570835,1,2,1,0,18.7575,117,6233
2,1,4,0,0,0,2,-0.6441577391116875,-0.5923128585170458,-0.9034799133142432,-0.843083134943547,15.1985555,1,2,1,0,15.443347,118,4220
2,1,4,0,1,1,1,-0.2104359167958797,-0.15964794313822536,-0.2430777687295506,-1.014606434994957,18.4981115,0,2,1,0,18.791653,119,6304
2,1,4,0,2,1,2,-0.17945199311417084,-0.11451475484905661,-0.3587869978161179,-0.29619591905299114,18.745847,0,2,1,0,19.030847,120,5572
2,1,5,0,3,1,2,0.6127571189711494,0.5964446765179482,0.24799049262829725,-0.5002071786687419,24.8168615,0,2,1,0,25.146653,121,5740
2,1,5,0,4,1,1,0.3516402880258476,0.3633310142323076,1.1793268503759406,-0.7369820532633186,22.7323055,0,2,1,0,23.130847,122,6169
2,1,5,0,5,1,2,0.3295096726707432,0.3594343666889261,0.9845928846650698,-0.7942396207864111,22.5758335,0,2,1,0,22.96,123,6421
2,1,5,0,6,0,1,0.6879969624402557,0.6792394995498016,0.7616411206532784,-0.41039601933976455,25.3597915,1,2,1,0,25.7275,124,6296
2,1,5,0,0,0,2,0.6570183496813586,0.6416493629271788,0.905574921396096,-0.5409516742193333,25.1100135,1,2,1,0,25.488347,125,6883
2,1,5,0,1,1,2,0.3427869796992436,0.41600725418802237,0.792683408126423,-0.5818143078047039,22.6925,0,2,1,0,23.0625,126,6359
2,1,5,0,2,1,2,0.21001390941423909,0.2992567823033675,0.2790395534567722,0.47935402637728786,21.705416500000002,0,2,1,0,22.0375,127,6273
2,1,5,0,3,1,2,0.44458143722535104,0.479962322583526,0.4257910700164837,1.33661611253,23.5054305,0,2,1,0,23.848347,128,5728
2,1,5,0,4,1,2,0.40917351484174586,0.4534722691005366,0.8209079797826738,0.2915276775263178,23.2029165,0,2,1,0,23.575,129,4717
2,1,5,0,5,1,1,0.041832916745629396,0.08858161336386697,-0.48014520524713256,1.5733384813313414,20.4631115,0,2,1,0,20.739153,130,6572
2,1,5,0,6,0,1,0.18788329405913426,0.26166664568074516,-1.778367127749386,0.5609480290649412,21.6864445,1,2,1,0,21.866653,131,7030
2,1,5,0,0,0,1,0.3516402880258476,0.40456755497809443,-0.9655644882605335,-0.9328942942725243,22.890638499999998,1,2,1,0,23.130847,132,7429
2,1,5,0,1,1,1,0.608333120269253,0.6454030142304366,-0.3164535270094068,0.4057934100546353,24.824375,0,2,1,0,25.1125,133,6118
2,1,5,0,2,1,2,0.40032020651514183,0.43485296700104453,1.1285266854078875,0.24269728981749053,23.1118615,0,2,1,0,23.506653,134,2843
2,1,5,0,3,1,2,0.6039091215673568,0.5927684815114244,1.1623934620532563,-0.6144597847487505,24.6810555,0,2,1,0,25.078347,135,5115
2,1,5,0,4,1,1,0.7366821918523613,0.709375957155955,0.507640295813012,-0.9410458186723045,25.7543885,0,2,1,0,26.103347,136,7424
2,1,5,0,5,1,1,0.5065386627431456,0.5701810337484885,-0.6974547642698063,0.4629984717844925,24.066653,0,2,1,0,24.326653,137,7384
2,1,5,0,6,0,1,0.3516402880258476,0.44212790071735786,-0.6748791709580034,-0.7532719756145698,22.8691805,1,2,1,0,23.130847,138,7639
2,1,5,0,0,0,1,0.5419465851267508,0.536189635835656,-1.1292561664982592,-1.446899757149475,24.371875000000003,1,2,1,0,24.6,139,8294
2,1,5,0,1,1,1,0.652589040056651,0.6378301716805312,-0.626896721806845,0.7897420230877524,25.1889445,0,2,1,0,25.454153,140,7129
2,1,5,0,2,1,2,0.5330932768001463,0.5287955385859054,1.2752849753229292,0.5119469975280991,24.126027999999998,0,2,1,0,24.531653,141,4359
2,1,5,0,3,1,2,0.6216104272977534,0.619109580577618,0.9676594963423854,-0.9980802365741471,24.8320835,0,2,1,0,25.215,142,6073
2,1,5,0,4,1,2,0.6570183496813586,0.6416731956338662,1.026926355471781,-1.2102955263829132,25.1010555,0,2,1,0,25.488347,143,5260
2,1,5,0,5,1,1,0.834047339753761,0.773277401961412,0.6346407082331451,-0.2796828470804898,26.4966665,0,2,1,0,26.855,144,6770
2,1,5,0,6,0,1,0.9668204100387655,0.8973802638591142,0.8406590839222522,-0.7042709440777278,27.5064585,1,2,1,0,27.88,145,6734
2,1,5,0,0,0,1,1.0332069451812678,0.9877479294408729,0.7418832431583697,0.06286494798659473,28.026249999999997,1,2,1,0,28.3925,146,6536
2,1,5,0,1,1,1,1.0199296381527674,0.9801750868909676,0.5019913174685636,0.27523775517506655,27.9414585,0,2,1,0,28.29,147,6591
2,1,5,1,2,0,1,1.1394254014092715,1.2058410283368117,0.3608820058979702,0.030429494215489388,28.874374999999997,0,2,1,0,29.2125,148,6043
2,1,5,0,3,1,1,1.1925346295232735,1.1682568498908605,0.41732437585514154,1.3283595765437488,29.2802085,0,2,1,0,29.6225,149,5743
2,1,5,0,4,1,2,0.842900648080365,0.7996661664409803,0.31854853509125913,-0.7859305790069252,26.588347,0,2,1,0,26.923347,150,6855
2,1,5,0,5,1,1,0.9668204100387655,0.9200213352120967,-0.8808975466471114,0.014126445415929353,27.6335415,0,2,1,0,27.88,151,7338
2,1,6,0,6,0,2,0.8296233410518646,0.7807966209212708,0.8971082272347537,0.5691651857062654,26.4431385,1,2,1,0,26.820847,152,4127
2,1,6,0,0,0,1,0.4534294346291437,0.5324955662991165,-0.4998963093867118,-0.1002968044920941,23.6420695,1,2,1,0,23.916653,153,8120
2,1,6,0,1,1,1,0.5552238921552511,0.585195638961519,-0.8780798308302166,-0.13278476405643477,24.4558335,0,2,1,0,24.7025,154,7641
2,1,6,0,2,1,1,0.52866927809825,0.6039638954778069,-0.9204133016369276,1.1896523972644004,24.2539585,0,2,1,0,24.4975,155,6998
2,1,6,0,3,1,2,0.2277152151446358,0.29180906146357066,-0.06527719134136413,0.20178215043888464,21.867486500000002,0,2,1,0,22.174153,156,7001
2,1,6,0,4,1,1,0.2985310599118457,0.38952315888170497,-0.07938609049182488,-1.536815928064923,22.415222,0,2,1,0,22.720847,157,7055
2,1,6,0,5,1,1,0.5552238921552511,0.5512876555220921,-0.378544875311026,-0.4837466124894758,24.418958500000002,0,2,1,0,24.7025,158,7494
2,1,6,0,6,0,1,0.8030687269948634,0.7206190365357126,-1.0502314298739557,-0.2470373701364435,26.3818885,1,2,1,0,26.615847,159,7736
2,1,6,0,0,0,1,1.1305720930826675,1.021536749346863,-1.2590810680906162,-0.6552174067476505,28.9256115,1,2,1,0,29.144153,160,7498
2,1,6,0,1,1,1,1.2146652448783783,1.1118031259252004,-0.5732788410218969,-0.7939114595786904,29.5241805,0,2,1,0,29.793347,161,6598
2,1,6,0,2,1,2,1.1836813211966695,1.0891858872789055,-0.23742879038510326,0.1773407036878535,29.2601945,0,2,1,0,29.554153,162,6664
2,1,6,0,3,1,2,0.825194031427157,0.7206964928324465,1.424860981054865,0.26703372498205136,26.3699865,0,2,1,0,26.786653,163,4972
2,1,6,0,4,1,1,0.8384713384556574,0.799594668320918,-0.27694454537491947,1.9568407951219584,26.5981115,0,2,1,0,26.889153,164,7421
2,1,6,0,5,1,1,0.7986394173701558,0.8786358400495137,-0.36161148698834156,0.7814198548599579,26.2968615,0,2,1,0,26.581653,165,7363
2,1,6,0,6,0,1,0.7499594988808616,0.7318919067988291,-0.22614438040686616,-0.2308393329233538,25.9110555,1,2,1,0,26.205847,166,7665
2,1,6,0,0,0,1,0.7101275777953605,0.701826947312737,-0.8046972991950315,-0.36144749359615785,25.6462635,1,2,1,0,25.898347,167,7702
2,1,6,0,1,1,1,0.5021146640412493,0.5663797170318562,-0.164053032105247,-0.6471183881411059,23.993125,0,2,1,0,24.2925,168,6978
2,1,6,0,2,1,2,0.3737655924581411,0.4047165093948907,1.0495087221389137,-0.2553989177091647,22.9126945,0,2,1,0,23.301653,169,5099
2,1,6,0,3,1,1,1.0110763298261634,1.0592222167962353,0.4540156416727345,-0.606255754555735,27.876653,0,2,1,0,28.221653,170,6825
2,1,6,0,4,1,1,1.5111899982072852,1.4541480411356371,-0.20921099208418176,-1.055245918959078,31.786458500000002,0,2,1,0,32.0825,171,6211
3,1,6,0,5,1,1,1.6351097601656852,1.64222980413553,-0.37289589696657865,-0.9899418386226758,32.7551945,0,2,1,0,33.039153,172,5905
3,1,6,0,6,0,1,1.484635384150284,1.4728924649452377,-0.33338691533209125,-0.14912719220092138,31.590625000000003,1,2,1,0,31.8775,173,5823
3,1,6,0,0,0,1,1.241219858935379,1.0479016811197441,-0.5986789235059236,-0.19009483737276262,29.7310555,1,2,1,0,29.998347,174,7458
3,1,6,0,1,1,1,1.3031770844531736,1.1757760688507193,-0.9740311824218757,-0.6389668637413257,30.2370695,0,2,1,0,30.476653,175,6891
3,1,6,0,2,1,1,1.1571267071396687,1.055349401959541,-0.8046972991950315,1.3937686684666217,29.0970695,0,2,1,0,29.349153,176,6779
3,1,6,0,3,1,1,0.7056982681706528,0.7018031146060497,-1.690882470319069,2.01411148909336,25.6774865,0,2,1,0,25.864153,177,7442
3,1,6,0,4,1,1,1.059761559238269,0.9764035610576945,-1.7811916169216095,1.0182472352477698,28.4175,0,2,1,0,28.5975,178,7335
3,1,6,0,5,1,1,1.3341610081348825,1.1832714551038908,-1.357856908854499,-0.29603840167328516,30.504597,0,2,1,0,30.715847,179,6879
3,1,6,0,6,0,1,1.7855894471038987,1.8452308415217042,-0.9091221183033618,-0.37785555398218856,33.956472000000005,1,2,1,0,34.200847,180,5463
3,1,6,0,0,0,1,1.4182488490077814,1.2547457424592532,-0.1471196437825626,-0.43490309833233975,31.064375,1,2,1,0,31.365,181,5687
3,1,7,0,1,1,1,1.6882189882796876,1.6308318121623053,-0.7059214584311486,-0.33700604684512675,33.189778000000004,0,3,1,0,33.449153,182,5531
3,1,7,0,2,1,1,1.5067659995053884,1.3413180495010515,-1.1913475147998784,0.013968928036223367,31.8248055,0,3,1,0,32.048347,183,6227
3,1,7,0,3,1,1,1.5023366898806807,1.344964453624216,-0.8865465249915587,-0.8921497987219331,31.7681115,0,3,1,0,32.014153,184,6660
3,1,7,1,4,0,1,1.5465979205908895,1.5218448444810544,-0.5704543518496732,-0.777779054607145,32.086472,0,3,1,0,32.355847,185,7403
3,1,7,0,5,1,1,1.7501815247202934,1.6948107132644963,-1.1179649831646934,-0.0022816149701013386,33.698541500000005,0,3,1,0,33.9275,186,6241
3,1,7,0,6,0,1,1.7546055234221893,1.6421761805454835,-1.1659474323158519,-0.6308678451347812,33.7362365,1,3,1,0,33.961653,187,6207
3,1,7,0,0,0,1,1.9316398244174036,1.9542654746163295,-0.8865465249915587,-0.4023101271815284,35.082305500000004,1,3,1,0,35.328347,188,4840
3,1,7,0,1,1,1,1.723626910663292,1.867770623871265,-0.33338691533209125,-0.9001306792936986,33.435624999999995,0,3,1,0,33.7225,189,4672
3,1,7,0,2,1,2,1.1305720930826675,1.0554209000796029,0.4088576816937993,-0.1736342711934966,28.8024865,0,3,1,0,29.144153,190,6569
3,1,7,0,3,1,2,1.1836813211966695,1.119423633888481,0.3016151467685747,-0.5574253668469081,29.220403,0,3,1,0,29.554153,191,6290
3,1,7,0,4,1,1,1.1615560167643764,1.032881117730042,0.07018991524011127,-0.557477872640143,29.0666805,0,3,1,0,29.383347,192,7264
3,1,7,0,5,1,1,1.1571267071396687,1.0591685932061887,-0.6325457001512924,-0.622558803355295,29.0843615,0,3,1,0,29.349153,193,7446
3,1,7,0,6,0,2,1.241219858935379,1.1381144341080351,-0.9288799957982699,-1.4879199081145518,29.7554305,1,3,1,0,29.998347,194,7499
3,1,7,0,0,0,2,1.0907401719971659,1.1268475220215908,0.5161069899743541,-0.6631982873194159,28.487069499999997,1,3,1,0,28.836653,195,6969
3,1,7,0,1,1,1,1.3164543914816744,1.360133971430714,0.6431074023944874,-0.36144749359615785,30.2201945,0,3,1,0,30.579153,196,6031
3,1,7,0,2,1,1,1.4093955406811773,1.472916297651925,0.14921465186441488,-0.3940010854020426,30.974152999999998,0,3,1,0,31.296653,197,6830
3,1,7,0,3,1,1,1.701496295308188,1.6609444370617714,-0.7934128892167944,-1.047146900352533,33.298736500000004,0,3,1,0,33.551653,198,6786
3,1,7,0,4,1,1,1.5687232250231835,1.6007668526762138,-0.31081132202028827,-0.7450679454215543,32.2381115,0,3,1,0,32.526653,199,5713
3,1,7,0,5,1,1,1.4448034630647826,1.416414908272891,-0.1527618487716811,-0.3776980366024826,31.2697915,0,3,1,0,31.57,200,6591
3,1,7,0,6,0,2,0.8915805665696592,0.810962869410784,1.4982435126900508,0.19380126986711918,26.8770695,1,3,1,0,27.299153,201,5870
3,1,7,0,0,0,3,0.519815969771646,0.43492446512110644,1.6421773134328685,0.250678170389256,23.9964445,1,3,1,1,24.429153,202,4459
3,1,7,0,1,1,2,0.9004338748962633,0.8711404537963422,0.9450839030305829,-1.3163467275595682,26.98625,0,3,1,0,27.3675,203,7410
3,1,7,0,2,1,1,1.2943290870493809,1.2696948077288934,0.4822402133289853,-0.7287780230703034,30.0612635,0,3,1,0,30.408347,204,6966
3,1,7,0,3,1,1,1.3430090055386752,1.3676055249771981,0.21694820515515256,0.22644674681116583,30.456653,0,3,1,0,30.784153,205,7592
3,1,7,0,4,1,1,1.201387937849878,1.0554209000796029,-1.1715896373049703,-0.38595457258873306,29.465847,0,3,1,0,29.690847,206,8173
3,1,7,0,5,1,1,1.4802113854483878,1.5631111761102006,-0.17816193125570776,1.1893898682982242,31.545013500000003,0,3,1,0,31.843347,207,6861
3,1,7,0,6,0,1,1.5067659995053884,1.533046216624109,-0.19227760376149733,-0.5409516742193333,31.7510555,1,3,1,0,32.048347,208,6904
3,1,7,0,0,0,1,1.3695636195956762,1.3148994941381245,-0.06527719134136413,-0.4837466124894758,30.682486500000003,1,3,1,0,30.989153,209,6685
3,1,7,0,1,1,1,1.1881106308213771,1.1381144341080351,0.005280851121597248,-0.3124989678525512,29.276472,0,3,1,0,29.588347,210,6597
3,1,7,0,2,1,1,1.2367905493106712,1.239725179069551,0.3100818409299169,-0.5327476440263178,29.629777999999998,0,3,1,0,29.964153,211,7105
3,1,7,0,3,1,1,1.1438494001111679,1.1081030982119893,0.549973766619723,-0.3777505423957179,28.8945695,0,3,1,0,29.246653,212,7216
3,1,8,0,4,1,1,1.1659800154662727,1.1343905736881368,0.3693487000593124,-0.6960144080914773,29.07875,0,3,1,0,29.4175,213,7580
3,1,8,0,5,1,1,1.351862313865279,1.3714068416938303,0.24799049262829725,-0.8512346593433272,30.5227085,0,3,1,0,30.8525,214,7261
3,1,8,0,6,0,2,1.4226728477096777,1.4654209113987535,0.13228126354173045,0.2833892795748467,31.077903,1,3,1,0,31.399153,215,7175
3,1,8,0,0,0,1,1.5687232250231835,1.6346331288789375,-0.06527719134136413,0.8303158748103292,32.219986500000005,1,3,1,0,32.526653,216,6824
3,1,8,0,1,1,1,1.4403794643628862,1.5143494582278831,0.20001481683246813,1.263002990414112,31.209597,0,3,1,0,31.535847,217,5464
3,1,8,0,2,1,2,1.351862313865279,1.3902227636234936,0.2113060001660345,-0.8512346593433272,30.5254165,0,3,1,0,30.8525,218,7013
3,1,8,0,3,1,2,1.2633451633676724,1.3150007831415456,0.5471492774474989,-1.014606434994957,29.817278,0,3,1,0,30.169153,219,7273
